scenario,configuration,density,seed,traffic_light_wait_s,first_signal_wait_s,first_signal_red_request_time_s,source_scalar,waiting_reduction_vs_control_s
short_notice_red_signal,FogCloudAStar,low,1,4.0,1.0,94.678358769841,artifacts/signal_validation/results/raw/FogCloudAStar-low-seed1.sca,113.5
short_notice_red_signal,FogCloudAStar,low,4,17.0,0.5,94.679974882865,artifacts/signal_validation/results/raw/FogCloudAStar-low-seed4.sca,89.0
short_notice_red_signal,FogCloudAStar,medium,1,5.0,1.5,96.159713350179,artifacts/signal_validation/results/raw/FogCloudAStar-medium-seed1.sca,107.5
short_notice_red_signal,FogCloudAStar,medium,4,19.0,1.0,94.165539996328,artifacts/signal_validation/results/raw/FogCloudAStar-medium-seed4.sca,89.5
short_notice_red_signal,FogCloudAStar,high,1,5.5,1.5,94.152089215862,artifacts/signal_validation/results/raw/FogCloudAStar-high-seed1.sca,99.0
short_notice_red_signal,FogCloudAStar,high,4,4.5,1.5,94.16011305293,artifacts/signal_validation/results/raw/FogCloudAStar-high-seed4.sca,85.499999999999
short_notice_red_signal,MistDynamicFogFallback,low,1,5.0,1.0,94.377818706771,artifacts/signal_validation/results/raw/MistDynamicFogFallback-low-seed1.sca,112.5
short_notice_red_signal,MistDynamicFogFallback,low,4,18.0,1.0,94.879976509317,artifacts/signal_validation/results/raw/MistDynamicFogFallback-low-seed4.sca,88.0
short_notice_red_signal,MistDynamicFogFallback,medium,1,7.0,2.0,95.859164813697,artifacts/signal_validation/results/raw/MistDynamicFogFallback-medium-seed1.sca,105.5
short_notice_red_signal,MistDynamicFogFallback,medium,4,18.5,1.5,94.365632015492,artifacts/signal_validation/results/raw/MistDynamicFogFallback-medium-seed4.sca,90.0
short_notice_red_signal,MistDynamicFogFallback,high,1,7.0,2.0,94.351534588369,artifacts/signal_validation/results/raw/MistDynamicFogFallback-high-seed1.sca,97.5
short_notice_red_signal,MistDynamicFogFallback,high,4,5.5,2.0,94.36020670501,artifacts/signal_validation/results/raw/MistDynamicFogFallback-high-seed4.sca,84.499999999999
short_notice_red_signal,NoPreemptionBaseline,low,1,117.5,56.5000000000005,,artifacts/signal_validation/results/raw/NoPreemptionBaseline-low-seed1.sca,0.0
short_notice_red_signal,NoPreemptionBaseline,low,4,106.0,56.0000000000005,,artifacts/signal_validation/results/raw/NoPreemptionBaseline-low-seed4.sca,0.0
short_notice_red_signal,NoPreemptionBaseline,medium,1,112.5,55.5000000000005,,artifacts/signal_validation/results/raw/NoPreemptionBaseline-medium-seed1.sca,0.0
short_notice_red_signal,NoPreemptionBaseline,medium,4,108.5,57.0000000000005,,artifacts/signal_validation/results/raw/NoPreemptionBaseline-medium-seed4.sca,0.0
short_notice_red_signal,NoPreemptionBaseline,high,1,104.5,57.5000000000005,,artifacts/signal_validation/results/raw/NoPreemptionBaseline-high-seed1.sca,0.0
short_notice_red_signal,NoPreemptionBaseline,high,4,89.999999999999,57.5000000000005,,artifacts/signal_validation/results/raw/NoPreemptionBaseline-high-seed4.sca,0.0
