configuration,density,metric,n,mean,ci95_lower,ci95_upper,requests_sent,replies_accepted
FogCloudAStar,low,route_requests_per_run,30,0.8,0.6480841559817747,0.9519158440182254,24,24
FogCloudAStar,low,route_replies_per_run,30,0.8,0.6480841559817747,0.9519158440182254,24,24
FogCloudAStar,low,route_transaction_ms,24,626.5385801005825,626.5368836580117,626.5402765431534,24,24
FogCloudAStar,low,route_network_roundtrip_ms,24,0.53858010058272,0.5368836580118017,0.5402765431536383,24,24
FogCloudAStar,low,route_completion_rate,24,1.0,0.8620237953250198,1,24,24
FogCloudAStar,medium,route_requests_per_run,30,0.9666666666666667,0.8984923452622432,1.03484098807109,29,29
FogCloudAStar,medium,route_replies_per_run,30,0.9666666666666667,0.8984923452622432,1.03484098807109,29,29
FogCloudAStar,medium,route_transaction_ms,29,626.5427008316537,626.5359629178633,626.5494387454441,29,29
FogCloudAStar,medium,route_network_roundtrip_ms,29,0.5427008316527421,0.5359629178624503,0.5494387454430338,29,29
FogCloudAStar,medium,route_completion_rate,29,1.0,0.8830302015002593,1,29,29
FogCloudAStar,high,route_requests_per_run,30,1,1,1,30,30
FogCloudAStar,high,route_replies_per_run,30,1,1,1,30,30
FogCloudAStar,high,route_transaction_ms,30,626.539460082334,626.5380271563344,626.5408930083337,30,30
FogCloudAStar,high,route_network_roundtrip_ms,30,0.5394600823337127,0.5380271563338002,0.5408930083336252,30,30
FogCloudAStar,high,route_completion_rate,30,1.0,0.8864866068260312,0.9999999999999999,30,30
MistAStar,low,route_requests_per_run,30,0,0,0,0,0
MistAStar,low,route_replies_per_run,30,0,0,0,0,0
MistAStar,low,route_transaction_ms,0,,,,0,0
MistAStar,low,route_network_roundtrip_ms,0,,,,0,0
MistAStar,low,route_completion_rate,0,,,,0,0
MistAStar,medium,route_requests_per_run,30,0,0,0,0,0
MistAStar,medium,route_replies_per_run,30,0,0,0,0,0
MistAStar,medium,route_transaction_ms,0,,,,0,0
MistAStar,medium,route_network_roundtrip_ms,0,,,,0,0
MistAStar,medium,route_completion_rate,0,,,,0,0
MistAStar,high,route_requests_per_run,30,0,0,0,0,0
MistAStar,high,route_replies_per_run,30,0,0,0,0,0
MistAStar,high,route_transaction_ms,0,,,,0,0
MistAStar,high,route_network_roundtrip_ms,0,,,,0,0
MistAStar,high,route_completion_rate,0,,,,0,0
MistDynamicAStar,low,route_requests_per_run,30,0,0,0,0,0
MistDynamicAStar,low,route_replies_per_run,30,0,0,0,0,0
MistDynamicAStar,low,route_transaction_ms,0,,,,0,0
MistDynamicAStar,low,route_network_roundtrip_ms,0,,,,0,0
MistDynamicAStar,low,route_completion_rate,0,,,,0,0
MistDynamicAStar,medium,route_requests_per_run,30,0,0,0,0,0
MistDynamicAStar,medium,route_replies_per_run,30,0,0,0,0,0
MistDynamicAStar,medium,route_transaction_ms,0,,,,0,0
MistDynamicAStar,medium,route_network_roundtrip_ms,0,,,,0,0
MistDynamicAStar,medium,route_completion_rate,0,,,,0,0
MistDynamicAStar,high,route_requests_per_run,30,0,0,0,0,0
MistDynamicAStar,high,route_replies_per_run,30,0,0,0,0,0
MistDynamicAStar,high,route_transaction_ms,0,,,,0,0
MistDynamicAStar,high,route_network_roundtrip_ms,0,,,,0,0
MistDynamicAStar,high,route_completion_rate,0,,,,0,0
MistDynamicFogFallback,low,route_requests_per_run,30,0.23333333333333334,0.07270033612932617,0.39396633053734054,7,7
MistDynamicFogFallback,low,route_replies_per_run,30,0.23333333333333334,0.07270033612932617,0.39396633053734054,7,7
MistDynamicFogFallback,low,route_transaction_ms,7,326.5393695618557,326.526029254523,326.55270986918845,7,7
MistDynamicFogFallback,low,route_network_roundtrip_ms,7,0.5393695618570186,0.5260292545237246,0.5527098691903125,7,7
MistDynamicFogFallback,low,route_completion_rate,7,1.0,0.6456695649333126,1,7,7
MistDynamicFogFallback,medium,route_requests_per_run,30,0.26666666666666666,0.09871738189379667,0.4346159514395367,8,8
MistDynamicFogFallback,medium,route_replies_per_run,30,0.26666666666666666,0.09871738189379667,0.4346159514395367,8,8
MistDynamicFogFallback,medium,route_transaction_ms,8,326.59757812312876,326.5640746770121,326.6310815692454,8,8
MistDynamicFogFallback,medium,route_network_roundtrip_ms,8,0.5975781231276063,0.5640746770113871,0.6310815692438254,8,8
MistDynamicFogFallback,medium,route_completion_rate,8,1.0,0.6755924351161198,1,8,8
MistDynamicFogFallback,high,route_requests_per_run,30,0.26666666666666666,0.09871738189379667,0.4346159514395367,8,8
MistDynamicFogFallback,high,route_replies_per_run,30,0.26666666666666666,0.09871738189379667,0.4346159514395367,8,8
MistDynamicFogFallback,high,route_transaction_ms,8,326.629709456995,326.58903490411734,326.67038400987263,8,8
MistDynamicFogFallback,high,route_network_roundtrip_ms,8,0.6297094569985288,0.5890349041206636,0.6703840098763939,8,8
MistDynamicFogFallback,high,route_completion_rate,8,1.0,0.6755924351161198,1,8,8
