configuration,density,seed,requests_sent,replies_accepted,route_transaction_ms,route_network_roundtrip_ms,source_scalar
FogCloudAStar,low,1,1,1,626.5361659640099,0.53616596401207,results/raw/FogCloudAStar-low-seed1.sca
FogCloudAStar,low,2,1,1,626.53812919899,0.5381291989911,results/raw/FogCloudAStar-low-seed2.sca
FogCloudAStar,low,3,1,1,626.544690819,0.54469081900288,results/raw/FogCloudAStar-low-seed3.sca
FogCloudAStar,low,4,1,1,626.54040955,0.5404095500031201,results/raw/FogCloudAStar-low-seed4.sca
FogCloudAStar,low,5,1,1,626.534685034,0.53468503400234,results/raw/FogCloudAStar-low-seed5.sca
FogCloudAStar,low,6,0,0,,,results/raw/FogCloudAStar-low-seed6.sca
FogCloudAStar,low,7,1,1,626.54071586699,0.54071586699445,results/raw/FogCloudAStar-low-seed7.sca
FogCloudAStar,low,8,1,1,626.54539099,0.54539099000317,results/raw/FogCloudAStar-low-seed8.sca
FogCloudAStar,low,9,1,1,626.54075163501,0.5407516350052199,results/raw/FogCloudAStar-low-seed9.sca
FogCloudAStar,low,10,1,1,626.53637465999,0.53637465999168,results/raw/FogCloudAStar-low-seed10.sca
FogCloudAStar,low,11,1,1,626.534081275,0.5340812749968801,results/raw/FogCloudAStar-low-seed11.sca
FogCloudAStar,low,12,0,0,,,results/raw/FogCloudAStar-low-seed12.sca
FogCloudAStar,low,13,1,1,626.5372151189999,0.53721511900073,results/raw/FogCloudAStar-low-seed13.sca
FogCloudAStar,low,14,1,1,626.539668655,0.5396686549991,results/raw/FogCloudAStar-low-seed14.sca
FogCloudAStar,low,15,1,1,626.54468503401,0.54468503400551,results/raw/FogCloudAStar-low-seed15.sca
FogCloudAStar,low,16,1,1,626.5395256989999,0.53952569900184,results/raw/FogCloudAStar-low-seed16.sca
FogCloudAStar,low,17,1,1,626.54473067799,0.54473067799188,results/raw/FogCloudAStar-low-seed17.sca
FogCloudAStar,low,18,0,0,,,results/raw/FogCloudAStar-low-seed18.sca
FogCloudAStar,low,19,1,1,626.5421218799901,0.54212187999292,results/raw/FogCloudAStar-low-seed19.sca
FogCloudAStar,low,20,1,1,626.532712555,0.5327125550044199,results/raw/FogCloudAStar-low-seed20.sca
FogCloudAStar,low,21,1,1,626.53422374301,0.5342237430076,results/raw/FogCloudAStar-low-seed21.sca
FogCloudAStar,low,22,1,1,626.5344157479999,0.53441574799729,results/raw/FogCloudAStar-low-seed22.sca
FogCloudAStar,low,23,0,0,,,results/raw/FogCloudAStar-low-seed23.sca
FogCloudAStar,low,24,1,1,626.53295396899,0.53295396899011,results/raw/FogCloudAStar-low-seed24.sca
FogCloudAStar,low,25,0,0,,,results/raw/FogCloudAStar-low-seed25.sca
FogCloudAStar,low,26,1,1,626.542386472,0.5423864719963399,results/raw/FogCloudAStar-low-seed26.sca
FogCloudAStar,low,27,1,1,626.538467492,0.5384674919971499,results/raw/FogCloudAStar-low-seed27.sca
FogCloudAStar,low,28,0,0,,,results/raw/FogCloudAStar-low-seed28.sca
FogCloudAStar,low,29,1,1,626.53436727901,0.53436727900669,results/raw/FogCloudAStar-low-seed29.sca
FogCloudAStar,low,30,1,1,626.53705309799,0.5370530979907899,results/raw/FogCloudAStar-low-seed30.sca
FogCloudAStar,medium,1,1,1,626.54523211999,0.54523211999447,results/raw/FogCloudAStar-medium-seed1.sca
FogCloudAStar,medium,2,1,1,626.540484362,0.54048436199616,results/raw/FogCloudAStar-medium-seed2.sca
FogCloudAStar,medium,3,1,1,626.539947092,0.5399470919987801,results/raw/FogCloudAStar-medium-seed3.sca
FogCloudAStar,medium,4,1,1,626.539185938,0.53918593800029,results/raw/FogCloudAStar-medium-seed4.sca
FogCloudAStar,medium,5,1,1,626.545095395,0.54509539500225,results/raw/FogCloudAStar-medium-seed5.sca
FogCloudAStar,medium,6,1,1,626.5431833060001,0.54318330599779,results/raw/FogCloudAStar-medium-seed6.sca
FogCloudAStar,medium,7,1,1,626.538903124,0.53890312400051,results/raw/FogCloudAStar-medium-seed7.sca
FogCloudAStar,medium,8,1,1,626.540332113,0.5403321129952,results/raw/FogCloudAStar-medium-seed8.sca
FogCloudAStar,medium,9,1,1,626.537248039,0.5372480389999,results/raw/FogCloudAStar-medium-seed9.sca
FogCloudAStar,medium,10,1,1,626.5401870229999,0.54018702299652,results/raw/FogCloudAStar-medium-seed10.sca
FogCloudAStar,medium,11,1,1,626.53777936301,0.53777936300514,results/raw/FogCloudAStar-medium-seed11.sca
FogCloudAStar,medium,12,1,1,626.5360973430099,0.5360973430063001,results/raw/FogCloudAStar-medium-seed12.sca
FogCloudAStar,medium,13,1,1,626.53678449499,0.53678449498784,results/raw/FogCloudAStar-medium-seed13.sca
FogCloudAStar,medium,14,1,1,626.5327967339999,0.5327967339970899,results/raw/FogCloudAStar-medium-seed14.sca
FogCloudAStar,medium,15,1,1,626.533325284,0.53332528400085,results/raw/FogCloudAStar-medium-seed15.sca
FogCloudAStar,medium,16,1,1,626.5431545609899,0.54315456099141,results/raw/FogCloudAStar-medium-seed16.sca
FogCloudAStar,medium,17,1,1,626.53677028899,0.5367702889932401,results/raw/FogCloudAStar-medium-seed17.sca
FogCloudAStar,medium,18,1,1,626.545087483,0.5450874829952,results/raw/FogCloudAStar-medium-seed18.sca
FogCloudAStar,medium,19,1,1,626.535031747,0.53503174699665,results/raw/FogCloudAStar-medium-seed19.sca
FogCloudAStar,medium,20,1,1,626.536390889,0.53639088900093,results/raw/FogCloudAStar-medium-seed20.sca
FogCloudAStar,medium,21,1,1,626.5446586859999,0.54465868600084,results/raw/FogCloudAStar-medium-seed21.sca
FogCloudAStar,medium,22,1,1,626.540231672,0.54023167199568,results/raw/FogCloudAStar-medium-seed22.sca
FogCloudAStar,medium,23,1,1,626.632837728,0.63283772799616,results/raw/FogCloudAStar-medium-seed23.sca
FogCloudAStar,medium,24,1,1,626.5392959230101,0.53929592300983,results/raw/FogCloudAStar-medium-seed24.sca
FogCloudAStar,medium,25,0,0,,,results/raw/FogCloudAStar-medium-seed25.sca
FogCloudAStar,medium,26,1,1,626.54482488099,0.54482488099461,results/raw/FogCloudAStar-medium-seed26.sca
FogCloudAStar,medium,27,1,1,626.53407837699,0.53407837699149,results/raw/FogCloudAStar-medium-seed27.sca
FogCloudAStar,medium,28,1,1,626.5368627929901,0.53686279298881,results/raw/FogCloudAStar-medium-seed28.sca
FogCloudAStar,medium,29,1,1,626.540739129,0.54073912899832,results/raw/FogCloudAStar-medium-seed29.sca
FogCloudAStar,medium,30,1,1,626.541778229,0.54177822899726,results/raw/FogCloudAStar-medium-seed30.sca
FogCloudAStar,high,1,1,1,626.544511861,0.54451186099891,results/raw/FogCloudAStar-high-seed1.sca
FogCloudAStar,high,2,1,1,626.53359794901,0.53359794900609,results/raw/FogCloudAStar-high-seed2.sca
FogCloudAStar,high,3,1,1,626.54151448901,0.54151448900563,results/raw/FogCloudAStar-high-seed3.sca
FogCloudAStar,high,4,1,1,626.545074291,0.5450742910019201,results/raw/FogCloudAStar-high-seed4.sca
FogCloudAStar,high,5,1,1,626.53976194299,0.5397619429933199,results/raw/FogCloudAStar-high-seed5.sca
FogCloudAStar,high,6,1,1,626.5442427309999,0.5442427310006199,results/raw/FogCloudAStar-high-seed6.sca
FogCloudAStar,high,7,1,1,626.54478374101,0.54478374101075,results/raw/FogCloudAStar-high-seed7.sca
FogCloudAStar,high,8,1,1,626.53416391601,0.53416391600558,results/raw/FogCloudAStar-high-seed8.sca
FogCloudAStar,high,9,1,1,626.53817743301,0.53817743300522,results/raw/FogCloudAStar-high-seed9.sca
FogCloudAStar,high,10,1,1,626.5356619869899,0.53566198699195,results/raw/FogCloudAStar-high-seed10.sca
FogCloudAStar,high,11,1,1,626.536285407,0.53628540699913,results/raw/FogCloudAStar-high-seed11.sca
FogCloudAStar,high,12,1,1,626.534153431,0.53415343099539,results/raw/FogCloudAStar-high-seed12.sca
FogCloudAStar,high,13,1,1,626.54525438499,0.5452543849932,results/raw/FogCloudAStar-high-seed13.sca
FogCloudAStar,high,14,1,1,626.539363142,0.53936314200109,results/raw/FogCloudAStar-high-seed14.sca
FogCloudAStar,high,15,1,1,626.538400931,0.53840093099689,results/raw/FogCloudAStar-high-seed15.sca
FogCloudAStar,high,16,1,1,626.544741966,0.5447419660006301,results/raw/FogCloudAStar-high-seed16.sca
FogCloudAStar,high,17,1,1,626.542233165,0.54223316499724,results/raw/FogCloudAStar-high-seed17.sca
FogCloudAStar,high,18,1,1,626.538581687,0.53858168700083,results/raw/FogCloudAStar-high-seed18.sca
FogCloudAStar,high,19,1,1,626.537121623,0.53712162300223,results/raw/FogCloudAStar-high-seed19.sca
FogCloudAStar,high,20,1,1,626.5354553159999,0.5354553160023,results/raw/FogCloudAStar-high-seed20.sca
FogCloudAStar,high,21,1,1,626.53564032101,0.5356403210091699,results/raw/FogCloudAStar-high-seed21.sca
FogCloudAStar,high,22,1,1,626.539245817,0.53924581699982,results/raw/FogCloudAStar-high-seed22.sca
FogCloudAStar,high,23,1,1,626.543090833,0.54309083299608,results/raw/FogCloudAStar-high-seed23.sca
FogCloudAStar,high,24,1,1,626.53853387799,0.53853387799074,results/raw/FogCloudAStar-high-seed24.sca
FogCloudAStar,high,25,1,1,626.5366936930001,0.53669369299791,results/raw/FogCloudAStar-high-seed25.sca
FogCloudAStar,high,26,1,1,626.5454329179901,0.5454329179931401,results/raw/FogCloudAStar-high-seed26.sca
FogCloudAStar,high,27,1,1,626.5422512370001,0.54225123699803,results/raw/FogCloudAStar-high-seed27.sca
FogCloudAStar,high,28,1,1,626.5373641150101,0.53736411500915,results/raw/FogCloudAStar-high-seed28.sca
FogCloudAStar,high,29,1,1,626.535925601,0.53592560100435,results/raw/FogCloudAStar-high-seed29.sca
FogCloudAStar,high,30,1,1,626.536542663,0.53654266300407,results/raw/FogCloudAStar-high-seed30.sca
MistAStar,low,1,0,0,,,results/raw/MistAStar-low-seed1.sca
MistAStar,low,2,0,0,,,results/raw/MistAStar-low-seed2.sca
MistAStar,low,3,0,0,,,results/raw/MistAStar-low-seed3.sca
MistAStar,low,4,0,0,,,results/raw/MistAStar-low-seed4.sca
MistAStar,low,5,0,0,,,results/raw/MistAStar-low-seed5.sca
MistAStar,low,6,0,0,,,results/raw/MistAStar-low-seed6.sca
MistAStar,low,7,0,0,,,results/raw/MistAStar-low-seed7.sca
MistAStar,low,8,0,0,,,results/raw/MistAStar-low-seed8.sca
MistAStar,low,9,0,0,,,results/raw/MistAStar-low-seed9.sca
MistAStar,low,10,0,0,,,results/raw/MistAStar-low-seed10.sca
MistAStar,low,11,0,0,,,results/raw/MistAStar-low-seed11.sca
MistAStar,low,12,0,0,,,results/raw/MistAStar-low-seed12.sca
MistAStar,low,13,0,0,,,results/raw/MistAStar-low-seed13.sca
MistAStar,low,14,0,0,,,results/raw/MistAStar-low-seed14.sca
MistAStar,low,15,0,0,,,results/raw/MistAStar-low-seed15.sca
MistAStar,low,16,0,0,,,results/raw/MistAStar-low-seed16.sca
MistAStar,low,17,0,0,,,results/raw/MistAStar-low-seed17.sca
MistAStar,low,18,0,0,,,results/raw/MistAStar-low-seed18.sca
MistAStar,low,19,0,0,,,results/raw/MistAStar-low-seed19.sca
MistAStar,low,20,0,0,,,results/raw/MistAStar-low-seed20.sca
MistAStar,low,21,0,0,,,results/raw/MistAStar-low-seed21.sca
MistAStar,low,22,0,0,,,results/raw/MistAStar-low-seed22.sca
MistAStar,low,23,0,0,,,results/raw/MistAStar-low-seed23.sca
MistAStar,low,24,0,0,,,results/raw/MistAStar-low-seed24.sca
MistAStar,low,25,0,0,,,results/raw/MistAStar-low-seed25.sca
MistAStar,low,26,0,0,,,results/raw/MistAStar-low-seed26.sca
MistAStar,low,27,0,0,,,results/raw/MistAStar-low-seed27.sca
MistAStar,low,28,0,0,,,results/raw/MistAStar-low-seed28.sca
MistAStar,low,29,0,0,,,results/raw/MistAStar-low-seed29.sca
MistAStar,low,30,0,0,,,results/raw/MistAStar-low-seed30.sca
MistAStar,medium,1,0,0,,,results/raw/MistAStar-medium-seed1.sca
MistAStar,medium,2,0,0,,,results/raw/MistAStar-medium-seed2.sca
MistAStar,medium,3,0,0,,,results/raw/MistAStar-medium-seed3.sca
MistAStar,medium,4,0,0,,,results/raw/MistAStar-medium-seed4.sca
MistAStar,medium,5,0,0,,,results/raw/MistAStar-medium-seed5.sca
MistAStar,medium,6,0,0,,,results/raw/MistAStar-medium-seed6.sca
MistAStar,medium,7,0,0,,,results/raw/MistAStar-medium-seed7.sca
MistAStar,medium,8,0,0,,,results/raw/MistAStar-medium-seed8.sca
MistAStar,medium,9,0,0,,,results/raw/MistAStar-medium-seed9.sca
MistAStar,medium,10,0,0,,,results/raw/MistAStar-medium-seed10.sca
MistAStar,medium,11,0,0,,,results/raw/MistAStar-medium-seed11.sca
MistAStar,medium,12,0,0,,,results/raw/MistAStar-medium-seed12.sca
MistAStar,medium,13,0,0,,,results/raw/MistAStar-medium-seed13.sca
MistAStar,medium,14,0,0,,,results/raw/MistAStar-medium-seed14.sca
MistAStar,medium,15,0,0,,,results/raw/MistAStar-medium-seed15.sca
MistAStar,medium,16,0,0,,,results/raw/MistAStar-medium-seed16.sca
MistAStar,medium,17,0,0,,,results/raw/MistAStar-medium-seed17.sca
MistAStar,medium,18,0,0,,,results/raw/MistAStar-medium-seed18.sca
MistAStar,medium,19,0,0,,,results/raw/MistAStar-medium-seed19.sca
MistAStar,medium,20,0,0,,,results/raw/MistAStar-medium-seed20.sca
MistAStar,medium,21,0,0,,,results/raw/MistAStar-medium-seed21.sca
MistAStar,medium,22,0,0,,,results/raw/MistAStar-medium-seed22.sca
MistAStar,medium,23,0,0,,,results/raw/MistAStar-medium-seed23.sca
MistAStar,medium,24,0,0,,,results/raw/MistAStar-medium-seed24.sca
MistAStar,medium,25,0,0,,,results/raw/MistAStar-medium-seed25.sca
MistAStar,medium,26,0,0,,,results/raw/MistAStar-medium-seed26.sca
MistAStar,medium,27,0,0,,,results/raw/MistAStar-medium-seed27.sca
MistAStar,medium,28,0,0,,,results/raw/MistAStar-medium-seed28.sca
MistAStar,medium,29,0,0,,,results/raw/MistAStar-medium-seed29.sca
MistAStar,medium,30,0,0,,,results/raw/MistAStar-medium-seed30.sca
MistAStar,high,1,0,0,,,results/raw/MistAStar-high-seed1.sca
MistAStar,high,2,0,0,,,results/raw/MistAStar-high-seed2.sca
MistAStar,high,3,0,0,,,results/raw/MistAStar-high-seed3.sca
MistAStar,high,4,0,0,,,results/raw/MistAStar-high-seed4.sca
MistAStar,high,5,0,0,,,results/raw/MistAStar-high-seed5.sca
MistAStar,high,6,0,0,,,results/raw/MistAStar-high-seed6.sca
MistAStar,high,7,0,0,,,results/raw/MistAStar-high-seed7.sca
MistAStar,high,8,0,0,,,results/raw/MistAStar-high-seed8.sca
MistAStar,high,9,0,0,,,results/raw/MistAStar-high-seed9.sca
MistAStar,high,10,0,0,,,results/raw/MistAStar-high-seed10.sca
MistAStar,high,11,0,0,,,results/raw/MistAStar-high-seed11.sca
MistAStar,high,12,0,0,,,results/raw/MistAStar-high-seed12.sca
MistAStar,high,13,0,0,,,results/raw/MistAStar-high-seed13.sca
MistAStar,high,14,0,0,,,results/raw/MistAStar-high-seed14.sca
MistAStar,high,15,0,0,,,results/raw/MistAStar-high-seed15.sca
MistAStar,high,16,0,0,,,results/raw/MistAStar-high-seed16.sca
MistAStar,high,17,0,0,,,results/raw/MistAStar-high-seed17.sca
MistAStar,high,18,0,0,,,results/raw/MistAStar-high-seed18.sca
MistAStar,high,19,0,0,,,results/raw/MistAStar-high-seed19.sca
MistAStar,high,20,0,0,,,results/raw/MistAStar-high-seed20.sca
MistAStar,high,21,0,0,,,results/raw/MistAStar-high-seed21.sca
MistAStar,high,22,0,0,,,results/raw/MistAStar-high-seed22.sca
MistAStar,high,23,0,0,,,results/raw/MistAStar-high-seed23.sca
MistAStar,high,24,0,0,,,results/raw/MistAStar-high-seed24.sca
MistAStar,high,25,0,0,,,results/raw/MistAStar-high-seed25.sca
MistAStar,high,26,0,0,,,results/raw/MistAStar-high-seed26.sca
MistAStar,high,27,0,0,,,results/raw/MistAStar-high-seed27.sca
MistAStar,high,28,0,0,,,results/raw/MistAStar-high-seed28.sca
MistAStar,high,29,0,0,,,results/raw/MistAStar-high-seed29.sca
MistAStar,high,30,0,0,,,results/raw/MistAStar-high-seed30.sca
MistDynamicAStar,low,1,0,0,,,results/raw/MistDynamicAStar-low-seed1.sca
MistDynamicAStar,low,2,0,0,,,results/raw/MistDynamicAStar-low-seed2.sca
MistDynamicAStar,low,3,0,0,,,results/raw/MistDynamicAStar-low-seed3.sca
MistDynamicAStar,low,4,0,0,,,results/raw/MistDynamicAStar-low-seed4.sca
MistDynamicAStar,low,5,0,0,,,results/raw/MistDynamicAStar-low-seed5.sca
MistDynamicAStar,low,6,0,0,,,results/raw/MistDynamicAStar-low-seed6.sca
MistDynamicAStar,low,7,0,0,,,results/raw/MistDynamicAStar-low-seed7.sca
MistDynamicAStar,low,8,0,0,,,results/raw/MistDynamicAStar-low-seed8.sca
MistDynamicAStar,low,9,0,0,,,results/raw/MistDynamicAStar-low-seed9.sca
MistDynamicAStar,low,10,0,0,,,results/raw/MistDynamicAStar-low-seed10.sca
MistDynamicAStar,low,11,0,0,,,results/raw/MistDynamicAStar-low-seed11.sca
MistDynamicAStar,low,12,0,0,,,results/raw/MistDynamicAStar-low-seed12.sca
MistDynamicAStar,low,13,0,0,,,results/raw/MistDynamicAStar-low-seed13.sca
MistDynamicAStar,low,14,0,0,,,results/raw/MistDynamicAStar-low-seed14.sca
MistDynamicAStar,low,15,0,0,,,results/raw/MistDynamicAStar-low-seed15.sca
MistDynamicAStar,low,16,0,0,,,results/raw/MistDynamicAStar-low-seed16.sca
MistDynamicAStar,low,17,0,0,,,results/raw/MistDynamicAStar-low-seed17.sca
MistDynamicAStar,low,18,0,0,,,results/raw/MistDynamicAStar-low-seed18.sca
MistDynamicAStar,low,19,0,0,,,results/raw/MistDynamicAStar-low-seed19.sca
MistDynamicAStar,low,20,0,0,,,results/raw/MistDynamicAStar-low-seed20.sca
MistDynamicAStar,low,21,0,0,,,results/raw/MistDynamicAStar-low-seed21.sca
MistDynamicAStar,low,22,0,0,,,results/raw/MistDynamicAStar-low-seed22.sca
MistDynamicAStar,low,23,0,0,,,results/raw/MistDynamicAStar-low-seed23.sca
MistDynamicAStar,low,24,0,0,,,results/raw/MistDynamicAStar-low-seed24.sca
MistDynamicAStar,low,25,0,0,,,results/raw/MistDynamicAStar-low-seed25.sca
MistDynamicAStar,low,26,0,0,,,results/raw/MistDynamicAStar-low-seed26.sca
MistDynamicAStar,low,27,0,0,,,results/raw/MistDynamicAStar-low-seed27.sca
MistDynamicAStar,low,28,0,0,,,results/raw/MistDynamicAStar-low-seed28.sca
MistDynamicAStar,low,29,0,0,,,results/raw/MistDynamicAStar-low-seed29.sca
MistDynamicAStar,low,30,0,0,,,results/raw/MistDynamicAStar-low-seed30.sca
MistDynamicAStar,medium,1,0,0,,,results/raw/MistDynamicAStar-medium-seed1.sca
MistDynamicAStar,medium,2,0,0,,,results/raw/MistDynamicAStar-medium-seed2.sca
MistDynamicAStar,medium,3,0,0,,,results/raw/MistDynamicAStar-medium-seed3.sca
MistDynamicAStar,medium,4,0,0,,,results/raw/MistDynamicAStar-medium-seed4.sca
MistDynamicAStar,medium,5,0,0,,,results/raw/MistDynamicAStar-medium-seed5.sca
MistDynamicAStar,medium,6,0,0,,,results/raw/MistDynamicAStar-medium-seed6.sca
MistDynamicAStar,medium,7,0,0,,,results/raw/MistDynamicAStar-medium-seed7.sca
MistDynamicAStar,medium,8,0,0,,,results/raw/MistDynamicAStar-medium-seed8.sca
MistDynamicAStar,medium,9,0,0,,,results/raw/MistDynamicAStar-medium-seed9.sca
MistDynamicAStar,medium,10,0,0,,,results/raw/MistDynamicAStar-medium-seed10.sca
MistDynamicAStar,medium,11,0,0,,,results/raw/MistDynamicAStar-medium-seed11.sca
MistDynamicAStar,medium,12,0,0,,,results/raw/MistDynamicAStar-medium-seed12.sca
MistDynamicAStar,medium,13,0,0,,,results/raw/MistDynamicAStar-medium-seed13.sca
MistDynamicAStar,medium,14,0,0,,,results/raw/MistDynamicAStar-medium-seed14.sca
MistDynamicAStar,medium,15,0,0,,,results/raw/MistDynamicAStar-medium-seed15.sca
MistDynamicAStar,medium,16,0,0,,,results/raw/MistDynamicAStar-medium-seed16.sca
MistDynamicAStar,medium,17,0,0,,,results/raw/MistDynamicAStar-medium-seed17.sca
MistDynamicAStar,medium,18,0,0,,,results/raw/MistDynamicAStar-medium-seed18.sca
MistDynamicAStar,medium,19,0,0,,,results/raw/MistDynamicAStar-medium-seed19.sca
MistDynamicAStar,medium,20,0,0,,,results/raw/MistDynamicAStar-medium-seed20.sca
MistDynamicAStar,medium,21,0,0,,,results/raw/MistDynamicAStar-medium-seed21.sca
MistDynamicAStar,medium,22,0,0,,,results/raw/MistDynamicAStar-medium-seed22.sca
MistDynamicAStar,medium,23,0,0,,,results/raw/MistDynamicAStar-medium-seed23.sca
MistDynamicAStar,medium,24,0,0,,,results/raw/MistDynamicAStar-medium-seed24.sca
MistDynamicAStar,medium,25,0,0,,,results/raw/MistDynamicAStar-medium-seed25.sca
MistDynamicAStar,medium,26,0,0,,,results/raw/MistDynamicAStar-medium-seed26.sca
MistDynamicAStar,medium,27,0,0,,,results/raw/MistDynamicAStar-medium-seed27.sca
MistDynamicAStar,medium,28,0,0,,,results/raw/MistDynamicAStar-medium-seed28.sca
MistDynamicAStar,medium,29,0,0,,,results/raw/MistDynamicAStar-medium-seed29.sca
MistDynamicAStar,medium,30,0,0,,,results/raw/MistDynamicAStar-medium-seed30.sca
MistDynamicAStar,high,1,0,0,,,results/raw/MistDynamicAStar-high-seed1.sca
MistDynamicAStar,high,2,0,0,,,results/raw/MistDynamicAStar-high-seed2.sca
MistDynamicAStar,high,3,0,0,,,results/raw/MistDynamicAStar-high-seed3.sca
MistDynamicAStar,high,4,0,0,,,results/raw/MistDynamicAStar-high-seed4.sca
MistDynamicAStar,high,5,0,0,,,results/raw/MistDynamicAStar-high-seed5.sca
MistDynamicAStar,high,6,0,0,,,results/raw/MistDynamicAStar-high-seed6.sca
MistDynamicAStar,high,7,0,0,,,results/raw/MistDynamicAStar-high-seed7.sca
MistDynamicAStar,high,8,0,0,,,results/raw/MistDynamicAStar-high-seed8.sca
MistDynamicAStar,high,9,0,0,,,results/raw/MistDynamicAStar-high-seed9.sca
MistDynamicAStar,high,10,0,0,,,results/raw/MistDynamicAStar-high-seed10.sca
MistDynamicAStar,high,11,0,0,,,results/raw/MistDynamicAStar-high-seed11.sca
MistDynamicAStar,high,12,0,0,,,results/raw/MistDynamicAStar-high-seed12.sca
MistDynamicAStar,high,13,0,0,,,results/raw/MistDynamicAStar-high-seed13.sca
MistDynamicAStar,high,14,0,0,,,results/raw/MistDynamicAStar-high-seed14.sca
MistDynamicAStar,high,15,0,0,,,results/raw/MistDynamicAStar-high-seed15.sca
MistDynamicAStar,high,16,0,0,,,results/raw/MistDynamicAStar-high-seed16.sca
MistDynamicAStar,high,17,0,0,,,results/raw/MistDynamicAStar-high-seed17.sca
MistDynamicAStar,high,18,0,0,,,results/raw/MistDynamicAStar-high-seed18.sca
MistDynamicAStar,high,19,0,0,,,results/raw/MistDynamicAStar-high-seed19.sca
MistDynamicAStar,high,20,0,0,,,results/raw/MistDynamicAStar-high-seed20.sca
MistDynamicAStar,high,21,0,0,,,results/raw/MistDynamicAStar-high-seed21.sca
MistDynamicAStar,high,22,0,0,,,results/raw/MistDynamicAStar-high-seed22.sca
MistDynamicAStar,high,23,0,0,,,results/raw/MistDynamicAStar-high-seed23.sca
MistDynamicAStar,high,24,0,0,,,results/raw/MistDynamicAStar-high-seed24.sca
MistDynamicAStar,high,25,0,0,,,results/raw/MistDynamicAStar-high-seed25.sca
MistDynamicAStar,high,26,0,0,,,results/raw/MistDynamicAStar-high-seed26.sca
MistDynamicAStar,high,27,0,0,,,results/raw/MistDynamicAStar-high-seed27.sca
MistDynamicAStar,high,28,0,0,,,results/raw/MistDynamicAStar-high-seed28.sca
MistDynamicAStar,high,29,0,0,,,results/raw/MistDynamicAStar-high-seed29.sca
MistDynamicAStar,high,30,0,0,,,results/raw/MistDynamicAStar-high-seed30.sca
MistDynamicFogFallback,low,1,0,0,,,results/raw/MistDynamicFogFallback-low-seed1.sca
MistDynamicFogFallback,low,2,0,0,,,results/raw/MistDynamicFogFallback-low-seed2.sca
MistDynamicFogFallback,low,3,0,0,,,results/raw/MistDynamicFogFallback-low-seed3.sca
MistDynamicFogFallback,low,4,1,1,326.534071677,0.53407167700265,results/raw/MistDynamicFogFallback-low-seed4.sca
MistDynamicFogFallback,low,5,1,1,326.516211861,0.5162118610049801,results/raw/MistDynamicFogFallback-low-seed5.sca
MistDynamicFogFallback,low,6,0,0,,,results/raw/MistDynamicFogFallback-low-seed6.sca
MistDynamicFogFallback,low,7,0,0,,,results/raw/MistDynamicFogFallback-low-seed7.sca
MistDynamicFogFallback,low,8,0,0,,,results/raw/MistDynamicFogFallback-low-seed8.sca
MistDynamicFogFallback,low,9,1,1,326.55209636499006,0.5520963649919299,results/raw/MistDynamicFogFallback-low-seed9.sca
MistDynamicFogFallback,low,10,1,1,326.55697616599997,0.5569761660032001,results/raw/MistDynamicFogFallback-low-seed10.sca
MistDynamicFogFallback,low,11,0,0,,,results/raw/MistDynamicFogFallback-low-seed11.sca
MistDynamicFogFallback,low,12,0,0,,,results/raw/MistDynamicFogFallback-low-seed12.sca
MistDynamicFogFallback,low,13,1,1,326.55019054999,0.55019054999456,results/raw/MistDynamicFogFallback-low-seed13.sca
MistDynamicFogFallback,low,14,0,0,,,results/raw/MistDynamicFogFallback-low-seed14.sca
MistDynamicFogFallback,low,15,0,0,,,results/raw/MistDynamicFogFallback-low-seed15.sca
MistDynamicFogFallback,low,16,0,0,,,results/raw/MistDynamicFogFallback-low-seed16.sca
MistDynamicFogFallback,low,17,1,1,326.530342616,0.53034261599599,results/raw/MistDynamicFogFallback-low-seed17.sca
MistDynamicFogFallback,low,18,0,0,,,results/raw/MistDynamicFogFallback-low-seed18.sca
MistDynamicFogFallback,low,19,0,0,,,results/raw/MistDynamicFogFallback-low-seed19.sca
MistDynamicFogFallback,low,20,0,0,,,results/raw/MistDynamicFogFallback-low-seed20.sca
MistDynamicFogFallback,low,21,0,0,,,results/raw/MistDynamicFogFallback-low-seed21.sca
MistDynamicFogFallback,low,22,0,0,,,results/raw/MistDynamicFogFallback-low-seed22.sca
MistDynamicFogFallback,low,23,0,0,,,results/raw/MistDynamicFogFallback-low-seed23.sca
MistDynamicFogFallback,low,24,0,0,,,results/raw/MistDynamicFogFallback-low-seed24.sca
MistDynamicFogFallback,low,25,0,0,,,results/raw/MistDynamicFogFallback-low-seed25.sca
MistDynamicFogFallback,low,26,0,0,,,results/raw/MistDynamicFogFallback-low-seed26.sca
MistDynamicFogFallback,low,27,0,0,,,results/raw/MistDynamicFogFallback-low-seed27.sca
MistDynamicFogFallback,low,28,0,0,,,results/raw/MistDynamicFogFallback-low-seed28.sca
MistDynamicFogFallback,low,29,1,1,326.53569769801004,0.53569769800582,results/raw/MistDynamicFogFallback-low-seed29.sca
MistDynamicFogFallback,low,30,0,0,,,results/raw/MistDynamicFogFallback-low-seed30.sca
MistDynamicFogFallback,medium,1,0,0,,,results/raw/MistDynamicFogFallback-medium-seed1.sca
MistDynamicFogFallback,medium,2,0,0,,,results/raw/MistDynamicFogFallback-medium-seed2.sca
MistDynamicFogFallback,medium,3,0,0,,,results/raw/MistDynamicFogFallback-medium-seed3.sca
MistDynamicFogFallback,medium,4,1,1,326.64019102701,0.6401910270104599,results/raw/MistDynamicFogFallback-medium-seed4.sca
MistDynamicFogFallback,medium,5,1,1,326.57696750201006,0.5769675020067001,results/raw/MistDynamicFogFallback-medium-seed5.sca
MistDynamicFogFallback,medium,6,0,0,,,results/raw/MistDynamicFogFallback-medium-seed6.sca
MistDynamicFogFallback,medium,7,0,0,,,results/raw/MistDynamicFogFallback-medium-seed7.sca
MistDynamicFogFallback,medium,8,0,0,,,results/raw/MistDynamicFogFallback-medium-seed8.sca
MistDynamicFogFallback,medium,9,1,1,326.62644916701,0.6264491670085499,results/raw/MistDynamicFogFallback-medium-seed9.sca
MistDynamicFogFallback,medium,10,1,1,326.54277180699995,0.5427718069986299,results/raw/MistDynamicFogFallback-medium-seed10.sca
MistDynamicFogFallback,medium,11,0,0,,,results/raw/MistDynamicFogFallback-medium-seed11.sca
MistDynamicFogFallback,medium,12,0,0,,,results/raw/MistDynamicFogFallback-medium-seed12.sca
MistDynamicFogFallback,medium,13,1,1,326.65010338699994,0.65010338699573,results/raw/MistDynamicFogFallback-medium-seed13.sca
MistDynamicFogFallback,medium,14,0,0,,,results/raw/MistDynamicFogFallback-medium-seed14.sca
MistDynamicFogFallback,medium,15,0,0,,,results/raw/MistDynamicFogFallback-medium-seed15.sca
MistDynamicFogFallback,medium,16,0,0,,,results/raw/MistDynamicFogFallback-medium-seed16.sca
MistDynamicFogFallback,medium,17,1,1,326.56959862,0.56959861999722,results/raw/MistDynamicFogFallback-medium-seed17.sca
MistDynamicFogFallback,medium,18,1,1,326.560721299,0.56072129900336,results/raw/MistDynamicFogFallback-medium-seed18.sca
MistDynamicFogFallback,medium,19,0,0,,,results/raw/MistDynamicFogFallback-medium-seed19.sca
MistDynamicFogFallback,medium,20,0,0,,,results/raw/MistDynamicFogFallback-medium-seed20.sca
MistDynamicFogFallback,medium,21,0,0,,,results/raw/MistDynamicFogFallback-medium-seed21.sca
MistDynamicFogFallback,medium,22,0,0,,,results/raw/MistDynamicFogFallback-medium-seed22.sca
MistDynamicFogFallback,medium,23,0,0,,,results/raw/MistDynamicFogFallback-medium-seed23.sca
MistDynamicFogFallback,medium,24,0,0,,,results/raw/MistDynamicFogFallback-medium-seed24.sca
MistDynamicFogFallback,medium,25,0,0,,,results/raw/MistDynamicFogFallback-medium-seed25.sca
MistDynamicFogFallback,medium,26,0,0,,,results/raw/MistDynamicFogFallback-medium-seed26.sca
MistDynamicFogFallback,medium,27,0,0,,,results/raw/MistDynamicFogFallback-medium-seed27.sca
MistDynamicFogFallback,medium,28,0,0,,,results/raw/MistDynamicFogFallback-medium-seed28.sca
MistDynamicFogFallback,medium,29,1,1,326.613822176,0.6138221760002,results/raw/MistDynamicFogFallback-medium-seed29.sca
MistDynamicFogFallback,medium,30,0,0,,,results/raw/MistDynamicFogFallback-medium-seed30.sca
MistDynamicFogFallback,high,1,0,0,,,results/raw/MistDynamicFogFallback-high-seed1.sca
MistDynamicFogFallback,high,2,0,0,,,results/raw/MistDynamicFogFallback-high-seed2.sca
MistDynamicFogFallback,high,3,0,0,,,results/raw/MistDynamicFogFallback-high-seed3.sca
MistDynamicFogFallback,high,4,1,1,326.646178404,0.64617840400466,results/raw/MistDynamicFogFallback-high-seed4.sca
MistDynamicFogFallback,high,5,1,1,326.56157114199004,0.56157114199401,results/raw/MistDynamicFogFallback-high-seed5.sca
MistDynamicFogFallback,high,6,0,0,,,results/raw/MistDynamicFogFallback-high-seed6.sca
MistDynamicFogFallback,high,7,0,0,,,results/raw/MistDynamicFogFallback-high-seed7.sca
MistDynamicFogFallback,high,8,0,0,,,results/raw/MistDynamicFogFallback-high-seed8.sca
MistDynamicFogFallback,high,9,1,1,326.697113991,0.69711399100264,results/raw/MistDynamicFogFallback-high-seed9.sca
MistDynamicFogFallback,high,10,1,1,326.58536154398996,0.58536154399086,results/raw/MistDynamicFogFallback-high-seed10.sca
MistDynamicFogFallback,high,11,0,0,,,results/raw/MistDynamicFogFallback-high-seed11.sca
MistDynamicFogFallback,high,12,0,0,,,results/raw/MistDynamicFogFallback-high-seed12.sca
MistDynamicFogFallback,high,13,1,1,326.61524300300005,0.6152430030047,results/raw/MistDynamicFogFallback-high-seed13.sca
MistDynamicFogFallback,high,14,0,0,,,results/raw/MistDynamicFogFallback-high-seed14.sca
MistDynamicFogFallback,high,15,0,0,,,results/raw/MistDynamicFogFallback-high-seed15.sca
MistDynamicFogFallback,high,16,0,0,,,results/raw/MistDynamicFogFallback-high-seed16.sca
MistDynamicFogFallback,high,17,1,1,326.61223316499,0.61223316499387,results/raw/MistDynamicFogFallback-high-seed17.sca
MistDynamicFogFallback,high,18,1,1,326.69738472499,0.69738472499431,results/raw/MistDynamicFogFallback-high-seed18.sca
MistDynamicFogFallback,high,19,0,0,,,results/raw/MistDynamicFogFallback-high-seed19.sca
MistDynamicFogFallback,high,20,0,0,,,results/raw/MistDynamicFogFallback-high-seed20.sca
MistDynamicFogFallback,high,21,0,0,,,results/raw/MistDynamicFogFallback-high-seed21.sca
MistDynamicFogFallback,high,22,0,0,,,results/raw/MistDynamicFogFallback-high-seed22.sca
MistDynamicFogFallback,high,23,0,0,,,results/raw/MistDynamicFogFallback-high-seed23.sca
MistDynamicFogFallback,high,24,0,0,,,results/raw/MistDynamicFogFallback-high-seed24.sca
MistDynamicFogFallback,high,25,0,0,,,results/raw/MistDynamicFogFallback-high-seed25.sca
MistDynamicFogFallback,high,26,0,0,,,results/raw/MistDynamicFogFallback-high-seed26.sca
MistDynamicFogFallback,high,27,0,0,,,results/raw/MistDynamicFogFallback-high-seed27.sca
MistDynamicFogFallback,high,28,0,0,,,results/raw/MistDynamicFogFallback-high-seed28.sca
MistDynamicFogFallback,high,29,1,1,326.62258968199995,0.62258968200318,results/raw/MistDynamicFogFallback-high-seed29.sca
MistDynamicFogFallback,high,30,0,0,,,results/raw/MistDynamicFogFallback-high-seed30.sca
