configuration,density,metric,unit,before_650m_mean,after_400m_mean,change,before_n,after_n
FogCloudAStar,low,PDR,ratio,0.9333333333333333,0.8,-0.1333333333333333,30,30
FogCloudAStar,low,NRL,packets/delivery,26991.75,22035.125,-4956.625,28,24
FogCloudAStar,low,EM throughput,bit/s,2.123851851851852,1.8204444444444445,-0.30340740740740735,30,30
FogCloudAStar,low,EM end-to-end delay,ms,30.842857142856822,44.36250000000008,13.51964285714326,28,24
FogCloudAStar,low,Route decision latency,ms,626.5392335643231,626.5385801005825,-0.0006534637406048205,28,24
FogCloudAStar,low,EV response time,s,141.64285714285714,141.66666666666666,0.023809523809518396,28,24
FogCloudAStar,low,EV traffic-light waiting time,s,0.0,0.0,0.0,28,24
FogCloudAStar,medium,PDR,ratio,0.9666666666666667,0.9666666666666667,0.0,30,30
FogCloudAStar,medium,NRL,packets/delivery,48001.41379310345,39859.68965517241,-8141.724137931036,29,29
FogCloudAStar,medium,EM throughput,bit/s,2.1997037037037037,2.1997037037037037,0.0,30,30
FogCloudAStar,medium,EM end-to-end delay,ms,25.00689655172368,37.124137931035925,12.117241379312244,29,29
FogCloudAStar,medium,Route decision latency,ms,626.5534572197901,626.5427008316537,-0.010756388136314854,29,29
FogCloudAStar,medium,EV response time,s,142.29310344827587,141.51724137931035,-0.7758620689655231,29,29
FogCloudAStar,medium,EV traffic-light waiting time,s,0.5862068965517241,0.0,-0.5862068965517241,29,29
FogCloudAStar,high,PDR,ratio,0.9333333333333333,1.0,0.06666666666666665,30,30
FogCloudAStar,high,NRL,packets/delivery,64489.78571428572,54479.03333333333,-10010.752380952385,28,30
FogCloudAStar,high,EM throughput,bit/s,2.123851851851852,2.2755555555555556,0.15170370370370367,30,30
FogCloudAStar,high,EM end-to-end delay,ms,23.682142857143365,32.16666666666678,8.484523809523413,28,30
FogCloudAStar,high,Route decision latency,ms,626.5394654276082,626.539460082334,-5.345274189494376e-06,28,30
FogCloudAStar,high,EV response time,s,142.58928571428572,142.51666666666668,-0.07261904761904248,28,30
FogCloudAStar,high,EV traffic-light waiting time,s,0.0,0.0,0.0,28,30
MistAStar,low,PDR,ratio,0.9333333333333333,0.8,-0.1333333333333333,30,30
MistAStar,low,NRL,packets/delivery,26971.428571428572,22025.166666666668,-4946.261904761905,28,24
MistAStar,low,EM throughput,bit/s,2.123851851851852,1.8204444444444445,-0.30340740740740735,30,30
MistAStar,low,EM end-to-end delay,ms,30.842857142856822,44.36250000000008,13.51964285714326,28,24
MistAStar,low,Route decision latency,ms,326.00000000000074,625.166666666665,299.1666666666643,28,24
MistAStar,low,EV response time,s,141.17857142857142,141.60416666666666,0.4255952380952408,28,24
MistAStar,low,EV traffic-light waiting time,s,0.0,0.0,0.0,28,24
MistAStar,medium,PDR,ratio,0.9666666666666667,0.9666666666666667,0.0,30,30
MistAStar,medium,NRL,packets/delivery,47966.34482758621,39897.65517241379,-8068.68965517242,29,29
MistAStar,medium,EM throughput,bit/s,2.1997037037037037,2.1997037037037037,0.0,30,30
MistAStar,medium,EM end-to-end delay,ms,25.00689655172368,37.124137931035925,12.117241379312244,29,29
MistAStar,medium,Route decision latency,ms,325.9999999999983,844.6206896551707,518.6206896551724,29,29
MistAStar,medium,EV response time,s,141.0344827586207,141.6551724137931,0.6206896551724128,29,29
MistAStar,medium,EV traffic-light waiting time,s,0.0,0.0,0.0,29,29
MistAStar,high,PDR,ratio,0.9333333333333333,1.0,0.06666666666666665,30,30
MistAStar,high,NRL,packets/delivery,64583.07142857143,54432.5,-10150.571428571428,28,30
MistAStar,high,EM throughput,bit/s,2.123851851851852,2.2755555555555556,0.15170370370370367,30,30
MistAStar,high,EM end-to-end delay,ms,23.682142857143365,32.16666666666678,8.484523809523413,28,30
MistAStar,high,Route decision latency,ms,325.9999999999986,1075.333333333333,749.3333333333344,28,30
MistAStar,high,EV response time,s,142.17857142857142,142.73333333333332,0.5547619047619037,28,30
MistAStar,high,EV traffic-light waiting time,s,0.0,0.0,0.0,28,30
MistDynamicAStar,low,PDR,ratio,0.9333333333333333,0.8,-0.1333333333333333,30,30
MistDynamicAStar,low,NRL,packets/delivery,26980.714285714286,22051.25,-4929.464285714286,28,24
MistDynamicAStar,low,EM throughput,bit/s,2.123851851851852,1.8204444444444445,-0.30340740740740735,30,30
MistDynamicAStar,low,EM end-to-end delay,ms,30.842857142856822,44.36250000000008,13.51964285714326,28,24
MistDynamicAStar,low,Route decision latency,ms,326.00000000000074,625.166666666665,299.1666666666643,28,24
MistDynamicAStar,low,EV response time,s,141.23214285714286,141.66666666666666,0.434523809523796,28,24
MistDynamicAStar,low,EV traffic-light waiting time,s,0.0,0.0,0.0,28,24
MistDynamicAStar,medium,PDR,ratio,0.9666666666666667,0.9666666666666667,0.0,30,30
MistDynamicAStar,medium,NRL,packets/delivery,47980.206896551725,39898.58620689655,-8081.620689655174,29,29
MistDynamicAStar,medium,EM throughput,bit/s,2.1997037037037037,2.1997037037037037,0.0,30,30
MistDynamicAStar,medium,EM end-to-end delay,ms,25.00689655172368,37.124137931035925,12.117241379312244,29,29
MistDynamicAStar,medium,Route decision latency,ms,325.9999999999983,844.6206896551707,518.6206896551724,29,29
MistDynamicAStar,medium,EV response time,s,140.89655172413794,141.72413793103448,0.8275862068965409,29,29
MistDynamicAStar,medium,EV traffic-light waiting time,s,0.0,0.0,0.0,29,29
MistDynamicAStar,high,PDR,ratio,0.9333333333333333,1.0,0.06666666666666665,30,30
MistDynamicAStar,high,NRL,packets/delivery,64500.5,54453.433333333334,-10047.066666666666,28,30
MistDynamicAStar,high,EM throughput,bit/s,2.123851851851852,2.2755555555555556,0.15170370370370367,30,30
MistDynamicAStar,high,EM end-to-end delay,ms,23.682142857143365,32.16666666666678,8.484523809523413,28,30
MistDynamicAStar,high,Route decision latency,ms,325.9999999999986,1075.333333333333,749.3333333333344,28,30
MistDynamicAStar,high,EV response time,s,142.85714285714286,142.7,-0.15714285714287257,28,30
MistDynamicAStar,high,EV traffic-light waiting time,s,0.0,0.13333333333333333,0.13333333333333333,28,30
MistDynamicFogFallback,low,PDR,ratio,0.9333333333333333,0.8,-0.1333333333333333,30,30
MistDynamicFogFallback,low,NRL,packets/delivery,26980.714285714286,22051.25,-4929.464285714286,28,24
MistDynamicFogFallback,low,EM throughput,bit/s,2.123851851851852,1.8204444444444445,-0.30340740740740735,30,30
MistDynamicFogFallback,low,EM end-to-end delay,ms,30.842857142856822,44.36250000000008,13.51964285714326,28,24
MistDynamicFogFallback,low,Route decision latency,ms,326.00000000000074,625.166666666665,299.1666666666643,28,24
MistDynamicFogFallback,low,EV response time,s,141.23214285714286,141.66666666666666,0.434523809523796,28,24
MistDynamicFogFallback,low,EV traffic-light waiting time,s,0.0,0.0,0.0,28,24
MistDynamicFogFallback,medium,PDR,ratio,0.9666666666666667,0.9666666666666667,0.0,30,30
MistDynamicFogFallback,medium,NRL,packets/delivery,47980.206896551725,39918.24137931035,-8061.965517241377,29,29
MistDynamicFogFallback,medium,EM throughput,bit/s,2.1997037037037037,2.1997037037037037,0.0,30,30
MistDynamicFogFallback,medium,EM end-to-end delay,ms,25.00689655172368,37.124137931035925,12.117241379312244,29,29
MistDynamicFogFallback,medium,Route decision latency,ms,325.9999999999983,946.3780053527241,620.3780053527258,29,29
MistDynamicFogFallback,medium,EV response time,s,140.89655172413794,141.8793103448276,0.9827586206896513,29,29
MistDynamicFogFallback,medium,EV traffic-light waiting time,s,0.0,0.0,0.0,29,29
MistDynamicFogFallback,high,PDR,ratio,0.9333333333333333,1.0,0.06666666666666665,30,30
MistDynamicFogFallback,high,NRL,packets/delivery,64500.5,54462.63333333333,-10037.866666666669,28,30
MistDynamicFogFallback,high,EM throughput,bit/s,2.123851851851852,2.2755555555555556,0.15170370370370367,30,30
MistDynamicFogFallback,high,EM end-to-end delay,ms,23.682142857143365,32.16666666666678,8.484523809523413,28,30
MistDynamicFogFallback,high,Route decision latency,ms,325.9999999999986,1087.2367571633333,761.2367571633347,28,30
MistDynamicFogFallback,high,EV response time,s,142.85714285714286,142.8,-0.057142857142849834,28,30
MistDynamicFogFallback,high,EV traffic-light waiting time,s,0.0,0.13333333333333333,0.13333333333333333,28,30
