density,metric,configuration,mean,stddev,n_scheduled,n_valid,ci95_lower,ci95_upper,ci_method
high,ev_response_s,FogCloudAStar,156.54545454545453,5.358369267988276,22,22,154.16968670621054,158.92122238469852,Student-t 95% CI
high,ev_response_s,MistAStar,156.97727272727272,5.564507578280812,22,22,154.510108281424,159.44443717312143,Student-t 95% CI
high,ev_response_s,MistDynamicAStar,155.02272727272728,7.274347086929901,22,22,151.79746245869651,158.24799208675805,Student-t 95% CI
high,ev_response_s,MistDynamicFogFallback,155.02272727272728,7.274347086929901,22,22,151.79746245869651,158.24799208675805,Student-t 95% CI
high,route_decision_ms,FogCloudAStar,626.5392332717291,0.003926180982698415,22,22,626.5374925006021,626.5409740428562,Student-t 95% CI
high,route_decision_ms,MistAStar,326.0000000000018,1.0069196063599812e-11,22,22,326.0000000000018,326.0000000000018,Student-t 95% CI
high,route_decision_ms,MistDynamicAStar,326.0000000000018,1.0069196063599812e-11,22,22,326.0000000000018,326.0000000000018,Student-t 95% CI
high,route_decision_ms,MistDynamicFogFallback,326.0000000000018,1.0069196063599812e-11,22,22,326.0000000000018,326.0000000000018,Student-t 95% CI
low,ev_response_s,FogCloudAStar,153.41176470588235,1.4057392863459677,22,17,152.6890002576633,154.1345291541014,Student-t 95% CI
low,ev_response_s,MistAStar,153.64705882352942,2.415863625874509,22,17,152.40493636349177,154.88918128356707,Student-t 95% CI
low,ev_response_s,MistDynamicAStar,152.97058823529412,1.082107149201474,22,17,152.41422007783908,153.52695639274916,Student-t 95% CI
low,ev_response_s,MistDynamicFogFallback,152.97058823529412,1.082107149201474,22,17,152.41422007783908,153.52695639274916,Student-t 95% CI
low,route_decision_ms,FogCloudAStar,626.5386699093517,0.004224569573994411,22,17,626.536497836104,626.5408419825994,Student-t 95% CI
low,route_decision_ms,MistAStar,325.99999999999704,9.856219574050154e-12,22,17,325.99999999999704,325.99999999999704,Student-t 95% CI
low,route_decision_ms,MistDynamicAStar,325.99999999999704,9.856219574050154e-12,22,17,325.99999999999704,325.99999999999704,Student-t 95% CI
low,route_decision_ms,MistDynamicFogFallback,325.99999999999704,9.856219574050154e-12,22,17,325.99999999999704,325.99999999999704,Student-t 95% CI
medium,ev_response_s,FogCloudAStar,154.76190476190476,3.9579636418840676,22,21,152.9602613124217,156.56354821138783,Student-t 95% CI
medium,ev_response_s,MistAStar,155.04761904761904,3.5316595316676618,22,21,153.4400269025824,156.65521119265568,Student-t 95% CI
medium,ev_response_s,MistDynamicAStar,154.8095238095238,4.133630941666753,22,21,152.92791756387135,156.69113005517625,Student-t 95% CI
medium,ev_response_s,MistDynamicFogFallback,154.8095238095238,4.133630941666753,22,21,152.92791756387135,156.69113005517625,Student-t 95% CI
medium,route_decision_ms,FogCloudAStar,626.5436774441418,0.020774709286107224,22,21,626.5342209098513,626.5531339784324,Student-t 95% CI
medium,route_decision_ms,MistAStar,325.99999999999665,9.665208939506788e-12,22,21,325.99999999999665,325.99999999999665,Student-t 95% CI
medium,route_decision_ms,MistDynamicAStar,325.99999999999665,9.665208939506788e-12,22,21,325.99999999999665,325.99999999999665,Student-t 95% CI
medium,route_decision_ms,MistDynamicFogFallback,325.99999999999665,9.665208939506788e-12,22,21,325.99999999999665,325.99999999999665,Student-t 95% CI
