configuration,density,seed,source_scalar,generated_messages,delivered_messages,pdr,e2e_delay_ms,throughput_bps,nrl,control_transmissions,control_bytes,emergency_transmissions,ev_response_s,route_decision_ms,traffic_light_wait_s,route_changes,route_reviews,fallback_triggered,fallback_decision_ms,ev_delay_vs_freeflow_s,ev_distance_m,ev_travel_s,arrival_confirmed,fog_processing_s,cloud_backhaul_s,communication_s
FogCloudAStar,high,1,results\raw\FogCloudAStar-high-seed1.sca,1,1,1.0,25.400000000004752,2.2755555555555556,54247.0,54207.0,4336781.0,40.0,141.5,626.544511861,0.0,,,,,0.0,1776.42,140.0,1.0,0.326,0.3,0.00054451186099891
FogCloudAStar,high,10,results\raw\FogCloudAStar-high-seed10.sca,1,1,1.0,30.799999999999272,2.2755555555555556,55545.0,55507.0,4440781.0,38.0,141.5,626.5356619869899,0.0,,,,,0.0,1776.42,140.0,1.0,0.326,0.3,0.00053566198699195
FogCloudAStar,high,11,results\raw\FogCloudAStar-high-seed11.sca,1,1,1.0,37.19999999999857,2.2755555555555556,55443.0,55404.0,4432541.0,39.0,141.5,626.536285407,0.0,,,,,0.0,1776.42,140.0,1.0,0.326,0.3,0.00053628540699913
FogCloudAStar,high,12,results\raw\FogCloudAStar-high-seed12.sca,1,1,1.0,20.600000000001728,2.2755555555555556,57924.0,57884.0,4630941.0,40.0,141.5,626.534153431,0.0,,,,,0.0,1776.42,140.0,1.0,0.326,0.3,0.00053415343099539
FogCloudAStar,high,13,results\raw\FogCloudAStar-high-seed13.sca,1,1,1.0,39.1000000000048,2.2755555555555556,52600.0,52561.0,4205101.0,39.0,141.5,626.54525438499,0.0,,,,,0.0,1776.42,140.0,1.0,0.326,0.3,0.0005452543849932
FogCloudAStar,high,14,results\raw\FogCloudAStar-high-seed14.sca,1,1,1.0,44.30000000000689,2.2755555555555556,54930.0,54890.0,4391421.0,40.0,141.5,626.539363142,0.0,,,,,0.0,1776.42,140.0,1.0,0.326,0.3,0.00053936314200109
FogCloudAStar,high,15,results\raw\FogCloudAStar-high-seed15.sca,1,1,1.0,32.60000000000218,2.2755555555555556,53486.0,53449.0,4276141.0,37.0,141.5,626.538400931,0.0,,,,,0.0,1776.42,140.0,1.0,0.326,0.3,0.00053840093099689
FogCloudAStar,high,16,results\raw\FogCloudAStar-high-seed16.sca,1,1,1.0,30.100000000004457,2.2755555555555556,52981.0,52942.0,4235581.0,39.0,141.5,626.544741966,0.0,,,,,0.0,1776.0714017564,140.0,1.0,0.326,0.3,0.00054474196600063
FogCloudAStar,high,17,results\raw\FogCloudAStar-high-seed17.sca,1,1,1.0,29.49999999999875,2.2755555555555556,55582.0,55543.0,4443661.0,39.0,141.5,626.542233165,0.0,,,,,0.0,1776.42,140.0,1.0,0.326,0.3,0.00054223316499724
FogCloudAStar,high,18,results\raw\FogCloudAStar-high-seed18.sca,1,1,1.0,59.20000000000414,2.2755555555555556,52836.0,52799.0,4224141.0,37.0,141.5,626.538581687,0.0,,,,,0.0,1776.42,140.0,1.0,0.326,0.3,0.00053858168700083
FogCloudAStar,high,19,results\raw\FogCloudAStar-high-seed19.sca,1,1,1.0,25.89999999999293,2.2755555555555556,53610.0,53571.0,4285901.0,39.0,141.5,626.537121623,0.0,,,,,0.0,1776.42,140.0,1.0,0.326,0.3,0.00053712162300223
FogCloudAStar,high,2,results\raw\FogCloudAStar-high-seed2.sca,1,1,1.0,21.600000000006503,2.2755555555555556,54798.0,54760.0,4381021.0,38.0,143.0,626.53359794901,0.0,,,,,1.5,1780.5414018337,141.5,1.0,0.326,0.3,0.00053359794900609
FogCloudAStar,high,20,results\raw\FogCloudAStar-high-seed20.sca,1,1,1.0,32.39999999999554,2.2755555555555556,54980.0,54939.0,4395341.0,41.0,141.5,626.5354553159999,0.0,,,,,0.0,1776.42,140.0,1.0,0.326,0.3,0.0005354553160023
FogCloudAStar,high,21,results\raw\FogCloudAStar-high-seed21.sca,1,1,1.0,28.800000000003934,2.2755555555555556,52841.0,52803.0,4224461.0,38.0,141.5,626.53564032101,0.0,,,,,0.0,1776.42,140.0,1.0,0.326,0.3,0.00053564032100917
FogCloudAStar,high,22,results\raw\FogCloudAStar-high-seed22.sca,1,1,1.0,25.300000000001432,2.2755555555555556,54320.0,54280.0,4342621.0,40.0,151.5,626.539245817,0.0,,,,,10.0,1776.4672955765,150.0,1.0,0.326,0.3,0.00053924581699982
FogCloudAStar,high,23,results\raw\FogCloudAStar-high-seed23.sca,1,1,1.0,27.000000000001023,2.2755555555555556,52696.0,52655.0,4212621.0,41.0,141.5,626.543090833,0.0,,,,,0.0,1776.42,140.0,1.0,0.326,0.3,0.00054309083299608
FogCloudAStar,high,24,results\raw\FogCloudAStar-high-seed24.sca,1,1,1.0,38.60000000000241,2.2755555555555556,57003.0,56963.0,4557261.0,40.0,141.5,626.53853387799,0.0,,,,,0.0,1776.42,140.0,1.0,0.326,0.3,0.00053853387799074
FogCloudAStar,high,25,results\raw\FogCloudAStar-high-seed25.sca,1,1,1.0,25.400000000004752,2.2755555555555556,54880.0,54839.0,4387341.0,41.0,141.5,626.5366936930001,0.0,,,,,0.0,1776.42,140.0,1.0,0.326,0.3,0.00053669369299791
FogCloudAStar,high,26,results\raw\FogCloudAStar-high-seed26.sca,1,1,1.0,38.10000000000002,2.2755555555555556,55177.0,55137.0,4411181.0,40.0,148.5,626.5454329179901,0.0,,,,,7.0,1781.8804140289,147.0,1.0,0.326,0.3,0.00054543291799314
FogCloudAStar,high,27,results\raw\FogCloudAStar-high-seed27.sca,1,1,1.0,26.799999999994384,2.2755555555555556,54768.0,54728.0,4378461.0,40.0,141.5,626.5422512370001,0.0,,,,,0.0,1776.42,140.0,1.0,0.326,0.3,0.00054225123699803
FogCloudAStar,high,28,results\raw\FogCloudAStar-high-seed28.sca,1,1,1.0,28.499999999993975,2.2755555555555556,54451.0,54411.0,4353101.0,40.0,141.5,626.5373641150101,0.0,,,,,0.0,1776.42,140.0,1.0,0.326,0.3,0.00053736411500915
FogCloudAStar,high,29,results\raw\FogCloudAStar-high-seed29.sca,1,1,1.0,28.899999999993042,2.2755555555555556,52827.0,52787.0,4223181.0,40.0,141.5,626.535925601,0.0,,,,,0.0,1776.42,140.0,1.0,0.326,0.3,0.00053592560100435
FogCloudAStar,high,3,results\raw\FogCloudAStar-high-seed3.sca,1,1,1.0,21.90000000000225,2.2755555555555556,55288.0,55248.0,4420061.0,40.0,141.5,626.54151448901,0.0,,,,,0.0,1776.42,140.0,1.0,0.326,0.3,0.00054151448900563
FogCloudAStar,high,30,results\raw\FogCloudAStar-high-seed30.sca,1,1,1.0,36.69999999999618,2.2755555555555556,53142.0,53102.0,4248381.0,40.0,147.0,626.536542663,0.0,,,,,5.5,1780.5910957884,145.5,1.0,0.326,0.3,0.00053654266300407
FogCloudAStar,high,4,results\raw\FogCloudAStar-high-seed4.sca,1,1,1.0,33.40000000000032,2.2755555555555556,55195.0,55155.0,4412621.0,40.0,141.5,626.545074291,0.0,,,,,0.0,1776.42,140.0,1.0,0.326,0.3,0.00054507429100192
FogCloudAStar,high,5,results\raw\FogCloudAStar-high-seed5.sca,1,1,1.0,33.699999999996066,2.2755555555555556,54830.0,54794.0,4383741.0,36.0,141.5,626.53976194299,0.0,,,,,0.0,1776.42,140.0,1.0,0.326,0.3,0.00053976194299332
FogCloudAStar,high,6,results\raw\FogCloudAStar-high-seed6.sca,1,1,1.0,37.499999999994316,2.2755555555555556,54741.0,54701.0,4376301.0,40.0,142.0,626.5442427309999,0.0,,,,,0.5,1782.24131896,140.5,1.0,0.326,0.3,0.00054424273100062
FogCloudAStar,high,7,results\raw\FogCloudAStar-high-seed7.sca,1,1,1.0,28.899999999993042,2.2755555555555556,53211.0,53170.0,4253821.0,41.0,141.5,626.54478374101,0.0,,,,,0.0,1776.42,140.0,1.0,0.326,0.3,0.00054478374101075
FogCloudAStar,high,8,results\raw\FogCloudAStar-high-seed8.sca,1,1,1.0,39.400000000000546,2.2755555555555556,53359.0,53320.0,4265821.0,39.0,141.5,626.53416391601,0.0,,,,,0.0,1776.42,140.0,1.0,0.326,0.3,0.00053416391600558
FogCloudAStar,high,9,results\raw\FogCloudAStar-high-seed9.sca,1,1,1.0,37.40000000000521,2.2755555555555556,56680.0,56642.0,4531581.0,38.0,147.5,626.53817743301,0.0,,,,,6.0,1776.495,146.0,1.0,0.326,0.3,0.00053817743300522
FogCloudAStar,low,1,results\raw\FogCloudAStar-low-seed1.sca,1,1,1.0,51.59999999999343,2.2755555555555556,21465.0,21447.0,1715981.0,18.0,141.5,626.5361659640099,0.0,,,,,0.0,1776.42,140.0,1.0,0.326,0.3,0.00053616596401207
FogCloudAStar,low,10,results\raw\FogCloudAStar-low-seed10.sca,1,1,1.0,57.599999999993656,2.2755555555555556,22983.0,22967.0,1837581.0,16.0,141.5,626.53637465999,0.0,,,,,0.0,1776.42,140.0,1.0,0.326,0.3,0.00053637465999168
FogCloudAStar,low,11,results\raw\FogCloudAStar-low-seed11.sca,1,1,1.0,31.49999999999409,2.2755555555555556,21880.0,21862.0,1749181.0,18.0,141.5,626.534081275,0.0,,,,,0.0,1776.42,140.0,1.0,0.326,0.3,0.00053408127499688
FogCloudAStar,low,12,results\raw\FogCloudAStar-low-seed12.sca,1,0,0.0,,0.0,,25475.0,2038000.0,3.0,,,,,,,,,,,0.0,,,
FogCloudAStar,low,13,results\raw\FogCloudAStar-low-seed13.sca,1,1,1.0,51.00000000000193,2.2755555555555556,20933.0,20916.0,1673501.0,17.0,143.5,626.5372151189999,0.0,,,,,2.0,1780.6982101821,142.0,1.0,0.326,0.3,0.00053721511900073
FogCloudAStar,low,14,results\raw\FogCloudAStar-low-seed14.sca,1,1,1.0,42.29999999999734,2.2755555555555556,21882.0,21864.0,1749341.0,18.0,141.5,626.539668655,0.0,,,,,0.0,1776.42,140.0,1.0,0.326,0.3,0.0005396686549991
FogCloudAStar,low,15,results\raw\FogCloudAStar-low-seed15.sca,1,1,1.0,43.400000000005434,2.2755555555555556,21533.0,21516.0,1721501.0,17.0,141.5,626.54468503401,0.0,,,,,0.0,1776.42,140.0,1.0,0.326,0.3,0.00054468503400551
FogCloudAStar,low,16,results\raw\FogCloudAStar-low-seed16.sca,1,1,1.0,54.000000000002046,2.2755555555555556,21827.0,21810.0,1745021.0,17.0,141.5,626.5395256989999,0.0,,,,,0.0,1776.42,140.0,1.0,0.326,0.3,0.00053952569900184
FogCloudAStar,low,17,results\raw\FogCloudAStar-low-seed17.sca,1,1,1.0,41.600000000002524,2.2755555555555556,23100.0,23082.0,1846781.0,18.0,141.5,626.54473067799,0.0,,,,,0.0,1776.42,140.0,1.0,0.326,0.3,0.00054473067799188
FogCloudAStar,low,18,results\raw\FogCloudAStar-low-seed18.sca,1,0,0.0,,0.0,,24362.0,1948960.0,12.0,,,,,,,,,,,0.0,,,
FogCloudAStar,low,19,results\raw\FogCloudAStar-low-seed19.sca,1,1,1.0,34.199999999998454,2.2755555555555556,22178.0,22163.0,1773261.0,15.0,141.5,626.5421218799901,0.0,,,,,0.0,1776.42,140.0,1.0,0.326,0.3,0.00054212187999292
FogCloudAStar,low,2,results\raw\FogCloudAStar-low-seed2.sca,1,1,1.0,47.60000000000275,2.2755555555555556,22130.0,22114.0,1769341.0,16.0,141.5,626.53812919899,0.0,,,,,0.0,1776.42,140.0,1.0,0.326,0.3,0.0005381291989911
FogCloudAStar,low,20,results\raw\FogCloudAStar-low-seed20.sca,1,1,1.0,38.30000000000666,2.2755555555555556,21745.0,21727.0,1738381.0,18.0,141.5,626.532712555,0.0,,,,,0.0,1776.42,140.0,1.0,0.326,0.3,0.00053271255500442
FogCloudAStar,low,21,results\raw\FogCloudAStar-low-seed21.sca,1,1,1.0,55.59999999999832,2.2755555555555556,20693.0,20677.0,1654381.0,16.0,143.5,626.53422374301,0.0,,,,,2.0,1781.215146674,142.0,1.0,0.326,0.3,0.0005342237430076
FogCloudAStar,low,22,results\raw\FogCloudAStar-low-seed22.sca,1,1,1.0,30.799999999999272,2.2755555555555556,22419.0,22402.0,1792381.0,17.0,141.5,626.5344157479999,0.0,,,,,0.0,1776.42,140.0,1.0,0.326,0.3,0.00053441574799729
FogCloudAStar,low,23,results\raw\FogCloudAStar-low-seed23.sca,1,0,0.0,,0.0,,23920.0,1913600.0,13.0,,,,,,,,,,,0.0,,,
FogCloudAStar,low,24,results\raw\FogCloudAStar-low-seed24.sca,1,1,1.0,36.40000000000043,2.2755555555555556,20967.0,20949.0,1676141.0,18.0,141.5,626.53295396899,0.0,,,,,0.0,1776.42,140.0,1.0,0.326,0.3,0.00053295396899011
FogCloudAStar,low,25,results\raw\FogCloudAStar-low-seed25.sca,1,0,0.0,,0.0,,26775.0,2142000.0,2.0,,,,,,,,,,,0.0,,,
FogCloudAStar,low,26,results\raw\FogCloudAStar-low-seed26.sca,1,1,1.0,60.29999999999802,2.2755555555555556,23450.0,23432.0,1874781.0,18.0,141.5,626.542386472,0.0,,,,,0.0,1776.42,140.0,1.0,0.326,0.3,0.00054238647199634
FogCloudAStar,low,27,results\raw\FogCloudAStar-low-seed27.sca,1,1,1.0,32.60000000000218,2.2755555555555556,22653.0,22635.0,1811021.0,18.0,141.5,626.538467492,0.0,,,,,0.0,1776.42,140.0,1.0,0.326,0.3,0.00053846749199715
FogCloudAStar,low,28,results\raw\FogCloudAStar-low-seed28.sca,1,0,0.0,,0.0,,24270.0,1941600.0,2.0,,,,,,,,,,,0.0,,,
FogCloudAStar,low,29,results\raw\FogCloudAStar-low-seed29.sca,1,1,1.0,49.30000000000234,2.2755555555555556,21955.0,21937.0,1755181.0,18.0,141.5,626.53436727901,0.0,,,,,0.0,1776.42,140.0,1.0,0.326,0.3,0.00053436727900669
FogCloudAStar,low,3,results\raw\FogCloudAStar-low-seed3.sca,1,1,1.0,49.80000000000473,2.2755555555555556,23269.0,23252.0,1860381.0,17.0,141.5,626.544690819,0.0,,,,,0.0,1776.42,140.0,1.0,0.326,0.3,0.00054469081900288
FogCloudAStar,low,30,results\raw\FogCloudAStar-low-seed30.sca,1,1,1.0,43.00000000000637,2.2755555555555556,20748.0,20731.0,1658701.0,17.0,141.5,626.53705309799,0.0,,,,,0.0,1776.42,140.0,1.0,0.326,0.3,0.00053705309799079
FogCloudAStar,low,4,results\raw\FogCloudAStar-low-seed4.sca,1,1,1.0,53.29999999999302,2.2755555555555556,22590.0,22572.0,1805981.0,18.0,141.5,626.54040955,0.0,,,,,0.0,1776.42,140.0,1.0,0.326,0.3,0.00054040955000312
FogCloudAStar,low,5,results\raw\FogCloudAStar-low-seed5.sca,1,1,1.0,29.39999999999543,2.2755555555555556,21583.0,21567.0,1725581.0,16.0,141.5,626.534685034,0.0,,,,,0.0,1776.42,140.0,1.0,0.326,0.3,0.00053468503400234
FogCloudAStar,low,6,results\raw\FogCloudAStar-low-seed6.sca,1,0,0.0,,0.0,,26550.0,2124000.0,2.0,,,,,,,,,,,0.0,,,
FogCloudAStar,low,7,results\raw\FogCloudAStar-low-seed7.sca,1,1,1.0,33.50000000000364,2.2755555555555556,22582.0,22564.0,1805341.0,18.0,141.5,626.54071586699,0.0,,,,,0.0,1776.42,140.0,1.0,0.326,0.3,0.00054071586699445
FogCloudAStar,low,8,results\raw\FogCloudAStar-low-seed8.sca,1,1,1.0,56.60000000000309,2.2755555555555556,21681.0,21664.0,1733341.0,17.0,141.5,626.54539099,0.0,,,,,0.0,1776.42,140.0,1.0,0.326,0.3,0.00054539099000317
FogCloudAStar,low,9,results\raw\FogCloudAStar-low-seed9.sca,1,1,1.0,40.99999999999682,2.2755555555555556,22597.0,22581.0,1806701.0,16.0,141.5,626.54075163501,0.0,,,,,0.0,1776.42,140.0,1.0,0.326,0.3,0.00054075163500522
FogCloudAStar,medium,1,results\raw\FogCloudAStar-medium-seed1.sca,1,1,1.0,33.00000000000125,2.2755555555555556,38892.0,38862.0,3109181.0,30.0,141.5,626.54523211999,0.0,,,,,0.0,1776.42,140.0,1.0,0.326,0.3,0.00054523211999447
FogCloudAStar,medium,10,results\raw\FogCloudAStar-medium-seed10.sca,1,1,1.0,36.100000000004684,2.2755555555555556,40123.0,40095.0,3207821.0,28.0,141.5,626.5401870229999,0.0,,,,,0.0,1776.42,140.0,1.0,0.326,0.3,0.00054018702299652
FogCloudAStar,medium,11,results\raw\FogCloudAStar-medium-seed11.sca,1,1,1.0,31.999999999996476,2.2755555555555556,40509.0,40479.0,3238541.0,30.0,141.5,626.53777936301,0.0,,,,,0.0,1776.42,140.0,1.0,0.326,0.3,0.00053777936300514
FogCloudAStar,medium,12,results\raw\FogCloudAStar-medium-seed12.sca,1,1,1.0,27.79999999999916,2.2755555555555556,39943.0,39913.0,3193261.0,30.0,141.5,626.5360973430099,0.0,,,,,0.0,1776.42,140.0,1.0,0.326,0.3,0.0005360973430063
FogCloudAStar,medium,13,results\raw\FogCloudAStar-medium-seed13.sca,1,1,1.0,33.799999999999386,2.2755555555555556,40214.0,40185.0,3215021.0,29.0,141.5,626.53678449499,0.0,,,,,0.0,1776.42,140.0,1.0,0.326,0.3,0.00053678449498784
FogCloudAStar,medium,14,results\raw\FogCloudAStar-medium-seed14.sca,1,1,1.0,44.70000000000596,2.2755555555555556,39572.0,39541.0,3163501.0,31.0,141.5,626.5327967339999,0.0,,,,,0.0,1776.42,140.0,1.0,0.326,0.3,0.00053279673399709
FogCloudAStar,medium,15,results\raw\FogCloudAStar-medium-seed15.sca,1,1,1.0,57.00000000000216,2.2755555555555556,38164.0,38136.0,3051101.0,28.0,141.5,626.533325284,0.0,,,,,0.0,1776.42,140.0,1.0,0.326,0.3,0.00053332528400085
FogCloudAStar,medium,16,results\raw\FogCloudAStar-medium-seed16.sca,1,1,1.0,23.60000000000184,2.2755555555555556,38677.0,38647.0,3091981.0,30.0,141.5,626.5431545609899,0.0,,,,,0.0,1776.42,140.0,1.0,0.326,0.3,0.00054315456099141
FogCloudAStar,medium,17,results\raw\FogCloudAStar-medium-seed17.sca,1,1,1.0,33.799999999999386,2.2755555555555556,39847.0,39817.0,3185581.0,30.0,141.5,626.53677028899,0.0,,,,,0.0,1776.42,140.0,1.0,0.326,0.3,0.00053677028899324
FogCloudAStar,medium,18,results\raw\FogCloudAStar-medium-seed18.sca,1,1,1.0,40.40000000000532,2.2755555555555556,39604.0,39577.0,3166381.0,27.0,141.5,626.545087483,0.0,,,,,0.0,1776.42,140.0,1.0,0.326,0.3,0.0005450874829952
FogCloudAStar,medium,19,results\raw\FogCloudAStar-medium-seed19.sca,1,1,1.0,49.70000000000141,2.2755555555555556,40052.0,40023.0,3202061.0,29.0,142.0,626.535031747,0.0,,,,,0.5,1781.1161217988,140.5,1.0,0.326,0.3,0.00053503174699665
FogCloudAStar,medium,2,results\raw\FogCloudAStar-medium-seed2.sca,1,1,1.0,28.300000000001546,2.2755555555555556,39757.0,39728.0,3178461.0,29.0,141.5,626.540484362,0.0,,,,,0.0,1776.42,140.0,1.0,0.326,0.3,0.00054048436199616
FogCloudAStar,medium,20,results\raw\FogCloudAStar-medium-seed20.sca,1,1,1.0,43.89999999999361,2.2755555555555556,40368.0,40337.0,3227181.0,31.0,141.5,626.536390889,0.0,,,,,0.0,1776.42,140.0,1.0,0.326,0.3,0.00053639088900093
FogCloudAStar,medium,21,results\raw\FogCloudAStar-medium-seed21.sca,1,1,1.0,35.30000000000655,2.2755555555555556,37664.0,37636.0,3011101.0,28.0,141.5,626.5446586859999,0.0,,,,,0.0,1776.42,140.0,1.0,0.326,0.3,0.00054465868600084
FogCloudAStar,medium,22,results\raw\FogCloudAStar-medium-seed22.sca,1,1,1.0,41.600000000002524,2.2755555555555556,41469.0,41439.0,3315341.0,30.0,141.5,626.540231672,0.0,,,,,0.0,1776.42,140.0,1.0,0.326,0.3,0.00054023167199568
FogCloudAStar,medium,23,results\raw\FogCloudAStar-medium-seed23.sca,1,1,1.0,29.09999999999968,2.2755555555555556,38126.0,38095.0,3047821.0,31.0,141.5,626.632837728,0.0,,,,,0.0,1775.8465526524,140.0,1.0,0.326,0.3,0.00063283772799616
FogCloudAStar,medium,24,results\raw\FogCloudAStar-medium-seed24.sca,1,1,1.0,44.30000000000689,2.2755555555555556,40554.0,40523.0,3242061.0,31.0,141.5,626.5392959230101,0.0,,,,,0.0,1776.42,140.0,1.0,0.326,0.3,0.00053929592300983
FogCloudAStar,medium,25,results\raw\FogCloudAStar-medium-seed25.sca,1,0,0.0,,0.0,,47405.0,3792400.0,2.0,,,,,,,,,,,0.0,,,
FogCloudAStar,medium,26,results\raw\FogCloudAStar-medium-seed26.sca,1,1,1.0,39.00000000000148,2.2755555555555556,40649.0,40619.0,3249741.0,30.0,141.5,626.54482488099,0.0,,,,,0.0,1776.42,140.0,1.0,0.326,0.3,0.00054482488099461
FogCloudAStar,medium,27,results\raw\FogCloudAStar-medium-seed27.sca,1,1,1.0,28.300000000001546,2.2755555555555556,41029.0,40999.0,3280141.0,30.0,141.5,626.53407837699,0.0,,,,,0.0,1776.42,140.0,1.0,0.326,0.3,0.00053407837699149
FogCloudAStar,medium,28,results\raw\FogCloudAStar-medium-seed28.sca,1,1,1.0,44.49999999999932,2.2755555555555556,40871.0,40841.0,3267501.0,30.0,141.5,626.5368627929901,0.0,,,,,0.0,1776.42,140.0,1.0,0.326,0.3,0.00053686279298881
FogCloudAStar,medium,29,results\raw\FogCloudAStar-medium-seed29.sca,1,1,1.0,28.300000000001546,2.2755555555555556,39772.0,39742.0,3179581.0,30.0,141.5,626.540739129,0.0,,,,,0.0,1776.42,140.0,1.0,0.326,0.3,0.00054073912899832
FogCloudAStar,medium,3,results\raw\FogCloudAStar-medium-seed3.sca,1,1,1.0,31.30000000000166,2.2755555555555556,40065.0,40037.0,3203181.0,28.0,141.5,626.539947092,0.0,,,,,0.0,1776.42,140.0,1.0,0.326,0.3,0.00053994709199878
FogCloudAStar,medium,30,results\raw\FogCloudAStar-medium-seed30.sca,1,1,1.0,24.699999999995725,2.2755555555555556,38244.0,38214.0,3057341.0,30.0,141.5,626.541778229,0.0,,,,,0.0,1776.42,140.0,1.0,0.326,0.3,0.00054177822899726
FogCloudAStar,medium,4,results\raw\FogCloudAStar-medium-seed4.sca,1,1,1.0,38.79999999999484,2.2755555555555556,39606.0,39575.0,3166221.0,31.0,141.5,626.539185938,0.0,,,,,0.0,1776.42,140.0,1.0,0.326,0.3,0.00053918593800029
FogCloudAStar,medium,5,results\raw\FogCloudAStar-medium-seed5.sca,1,1,1.0,30.100000000004457,2.2755555555555556,39782.0,39754.0,3180541.0,28.0,141.5,626.545095395,0.0,,,,,0.0,1776.42,140.0,1.0,0.326,0.3,0.00054509539500225
FogCloudAStar,medium,6,results\raw\FogCloudAStar-medium-seed6.sca,1,1,1.0,48.40000000000089,2.2755555555555556,41725.0,41695.0,3335821.0,30.0,141.5,626.5431833060001,0.0,,,,,0.0,1776.42,140.0,1.0,0.326,0.3,0.00054318330599779
FogCloudAStar,medium,7,results\raw\FogCloudAStar-medium-seed7.sca,1,1,1.0,39.90000000000293,2.2755555555555556,40494.0,40464.0,3237341.0,30.0,141.5,626.538903124,0.0,,,,,0.0,1776.42,140.0,1.0,0.326,0.3,0.00053890312400051
FogCloudAStar,medium,8,results\raw\FogCloudAStar-medium-seed8.sca,1,1,1.0,31.800000000004047,2.2755555555555556,38391.0,38361.0,3069101.0,30.0,141.5,626.540332113,0.0,,,,,0.0,1776.42,140.0,1.0,0.326,0.3,0.0005403321129952
FogCloudAStar,medium,9,results\raw\FogCloudAStar-medium-seed9.sca,1,1,1.0,57.10000000000548,2.2755555555555556,41768.0,41740.0,3339421.0,28.0,141.5,626.537248039,0.0,,,,,0.0,1776.42,140.0,1.0,0.326,0.3,0.0005372480389999
MistAStar,high,1,results\raw\MistAStar-high-seed1.sca,1,1,1.0,25.400000000004752,2.2755555555555556,54414.0,54374.0,4350016.0,40.0,142.0,1246.0,0.0,,,,,0.0,1776.42,140.0,1.0,,,
MistAStar,high,10,results\raw\MistAStar-high-seed10.sca,1,1,1.0,30.799999999999272,2.2755555555555556,55548.0,55510.0,4440896.0,38.0,141.5,666.0,0.0,,,,,0.0,1776.42,140.0,1.0,,,
MistAStar,high,11,results\raw\MistAStar-high-seed11.sca,1,1,1.0,37.19999999999857,2.2755555555555556,55510.0,55471.0,4437776.0,39.0,142.0,1186.0,0.0,,,,,0.0,1776.42,140.0,1.0,,,
MistAStar,high,12,results\raw\MistAStar-high-seed12.sca,1,1,1.0,20.600000000001728,2.2755555555555556,56600.0,56560.0,4524896.0,40.0,142.0,1206.0,0.0,,,,,0.0,1776.42,140.0,1.0,,,
MistAStar,high,13,results\raw\MistAStar-high-seed13.sca,1,1,1.0,39.1000000000048,2.2755555555555556,52741.0,52702.0,4216256.0,39.0,142.0,965.99999999999,0.0,,,,,0.0,1776.42,140.0,1.0,,,
MistAStar,high,14,results\raw\MistAStar-high-seed14.sca,1,1,1.0,44.30000000000689,2.2755555555555556,55301.0,55261.0,4420976.0,40.0,142.0,1226.0,0.0,,,,,0.0,1776.42,140.0,1.0,,,
MistAStar,high,15,results\raw\MistAStar-high-seed15.sca,1,1,1.0,32.60000000000218,2.2755555555555556,53536.0,53499.0,4280016.0,37.0,141.5,825.99999999999,0.0,,,,,0.0,1776.42,140.0,1.0,,,
MistAStar,high,16,results\raw\MistAStar-high-seed16.sca,1,1,1.0,30.100000000004457,2.2755555555555556,53198.0,53159.0,4252816.0,39.0,142.0,1226.0,0.0,,,,,0.0,1776.42,140.0,1.0,,,
MistAStar,high,17,results\raw\MistAStar-high-seed17.sca,1,1,1.0,29.49999999999875,2.2755555555555556,55860.0,55821.0,4465776.0,39.0,141.5,866.0,0.0,,,,,0.0,1776.42,140.0,1.0,,,
MistAStar,high,18,results\raw\MistAStar-high-seed18.sca,1,1,1.0,59.20000000000414,2.2755555555555556,52826.0,52789.0,4223216.0,37.0,141.5,866.0,0.0,,,,,0.0,1776.42,140.0,1.0,,,
MistAStar,high,19,results\raw\MistAStar-high-seed19.sca,1,1,1.0,25.89999999999293,2.2755555555555556,53833.0,53794.0,4303616.0,39.0,142.0,1406.0,0.0,,,,,0.0,1776.42,140.0,1.0,,,
MistAStar,high,2,results\raw\MistAStar-high-seed2.sca,1,1,1.0,21.600000000006503,2.2755555555555556,54659.0,54621.0,4369776.0,38.0,143.0,986.0,0.0,,,,,1.0,1781.7178908771,141.0,1.0,,,
MistAStar,high,20,results\raw\MistAStar-high-seed20.sca,1,1,1.0,32.39999999999554,2.2755555555555556,54953.0,54912.0,4393056.0,41.0,141.5,786.0,0.0,,,,,0.0,1776.42,140.0,1.0,,,
MistAStar,high,21,results\raw\MistAStar-high-seed21.sca,1,1,1.0,28.800000000003934,2.2755555555555556,52850.0,52812.0,4225056.0,38.0,142.0,1226.0,0.0,,,,,0.0,1776.42,140.0,1.0,,,
MistAStar,high,22,results\raw\MistAStar-high-seed22.sca,1,1,1.0,25.300000000001432,2.2755555555555556,54398.0,54358.0,4348736.0,40.0,151.5,1286.0,0.0,,,,,9.5,1775.9877318272,149.5,1.0,,,
MistAStar,high,23,results\raw\MistAStar-high-seed23.sca,1,1,1.0,27.000000000001023,2.2755555555555556,52902.0,52861.0,4228976.0,41.0,142.0,1406.0,0.0,,,,,0.0,1776.42,140.0,1.0,,,
MistAStar,high,24,results\raw\MistAStar-high-seed24.sca,1,1,1.0,38.60000000000241,2.2755555555555556,56266.0,56226.0,4498176.0,40.0,141.5,825.99999999999,0.0,,,,,0.0,1776.42,140.0,1.0,,,
MistAStar,high,25,results\raw\MistAStar-high-seed25.sca,1,1,1.0,25.400000000004752,2.2755555555555556,55042.0,55001.0,4400176.0,41.0,142.0,1326.0,0.0,,,,,0.0,1776.42,140.0,1.0,,,
MistAStar,high,26,results\raw\MistAStar-high-seed26.sca,1,1,1.0,38.10000000000002,2.2755555555555556,55047.0,55007.0,4400656.0,40.0,148.5,1246.0,0.0,,,,,6.5,1781.6628754964,146.5,1.0,,,
MistAStar,high,27,results\raw\MistAStar-high-seed27.sca,1,1,1.0,26.799999999994384,2.2755555555555556,55273.0,55233.0,4418736.0,40.0,142.0,1006.0,0.0,,,,,0.0,1776.42,140.0,1.0,,,
MistAStar,high,28,results\raw\MistAStar-high-seed28.sca,1,1,1.0,28.499999999993975,2.2755555555555556,54967.0,54927.0,4394256.0,40.0,142.0,1026.0,0.0,,,,,0.0,1776.42,140.0,1.0,,,
MistAStar,high,29,results\raw\MistAStar-high-seed29.sca,1,1,1.0,28.899999999993042,2.2755555555555556,52918.0,52878.0,4230336.0,40.0,142.0,1126.0,0.0,,,,,0.0,1776.42,140.0,1.0,,,
MistAStar,high,3,results\raw\MistAStar-high-seed3.sca,1,1,1.0,21.90000000000225,2.2755555555555556,55264.0,55224.0,4418016.0,40.0,141.5,846.0,0.0,,,,,0.0,1776.42,140.0,1.0,,,
MistAStar,high,30,results\raw\MistAStar-high-seed30.sca,1,1,1.0,36.69999999999618,2.2755555555555556,52284.0,52244.0,4179616.0,40.0,146.5,1366.0,0.0,,,,,4.5,1776.2492434019,144.5,1.0,,,
MistAStar,high,4,results\raw\MistAStar-high-seed4.sca,1,1,1.0,33.40000000000032,2.2755555555555556,55139.0,55099.0,4408016.0,40.0,142.0,1306.0,0.0,,,,,0.0,1776.42,140.0,1.0,,,
MistAStar,high,5,results\raw\MistAStar-high-seed5.sca,1,1,1.0,33.699999999996066,2.2755555555555556,54827.0,54791.0,4383376.0,36.0,141.5,746.0,0.0,,,,,0.0,1776.42,140.0,1.0,,,
MistAStar,high,6,results\raw\MistAStar-high-seed6.sca,1,1,1.0,37.499999999994316,2.2755555555555556,54729.0,54689.0,4375216.0,40.0,142.0,966.00000000001,0.0,,,,,0.0,1776.42,140.0,1.0,,,
MistAStar,high,7,results\raw\MistAStar-high-seed7.sca,1,1,1.0,28.899999999993042,2.2755555555555556,52777.0,52736.0,4218976.0,41.0,141.5,966.00000000001,0.0,,,,,0.0,1776.42,140.0,1.0,,,
MistAStar,high,8,results\raw\MistAStar-high-seed8.sca,1,1,1.0,39.400000000000546,2.2755555555555556,53323.0,53284.0,4262816.0,39.0,141.5,926.0,0.0,,,,,0.0,1776.42,140.0,1.0,,,
MistAStar,high,9,results\raw\MistAStar-high-seed9.sca,1,1,1.0,37.40000000000521,2.2755555555555556,55990.0,55952.0,4476256.0,38.0,147.5,1206.0,0.0,,,,,5.5,1776.4878864868,145.5,1.0,,,
MistAStar,low,1,results\raw\MistAStar-low-seed1.sca,1,1,1.0,51.59999999999343,2.2755555555555556,21473.0,21455.0,1716496.0,18.0,141.5,646.0,0.0,,,,,0.0,1776.42,140.0,1.0,,,
MistAStar,low,10,results\raw\MistAStar-low-seed10.sca,1,1,1.0,57.599999999993656,2.2755555555555556,22978.0,22962.0,1837056.0,16.0,141.5,566.0,0.0,,,,,0.0,1776.42,140.0,1.0,,,
MistAStar,low,11,results\raw\MistAStar-low-seed11.sca,1,1,1.0,31.49999999999409,2.2755555555555556,21866.0,21848.0,1747936.0,18.0,141.5,726.0,0.0,,,,,0.0,1776.42,140.0,1.0,,,
MistAStar,low,12,results\raw\MistAStar-low-seed12.sca,1,0,0.0,,0.0,,25475.0,2038000.0,3.0,,,,,,,,,,,0.0,,,
MistAStar,low,13,results\raw\MistAStar-low-seed13.sca,1,1,1.0,51.00000000000193,2.2755555555555556,20925.0,20908.0,1672736.0,17.0,143.5,646.0,0.0,,,,,2.0,1780.6982101821,142.0,1.0,,,
MistAStar,low,14,results\raw\MistAStar-low-seed14.sca,1,1,1.0,42.29999999999734,2.2755555555555556,21891.0,21873.0,1749936.0,18.0,141.5,706.0,0.0,,,,,0.0,1776.42,140.0,1.0,,,
MistAStar,low,15,results\raw\MistAStar-low-seed15.sca,1,1,1.0,43.400000000005434,2.2755555555555556,21604.0,21587.0,1727056.0,17.0,141.0,446.0,0.0,,,,,0.0,1776.42,140.0,1.0,,,
MistAStar,low,16,results\raw\MistAStar-low-seed16.sca,1,1,1.0,54.000000000002046,2.2755555555555556,21845.0,21828.0,1746336.0,17.0,141.5,566.0,0.0,,,,,0.0,1776.42,140.0,1.0,,,
MistAStar,low,17,results\raw\MistAStar-low-seed17.sca,1,1,1.0,41.600000000002524,2.2755555555555556,23072.0,23054.0,1844416.0,18.0,141.5,565.99999999999,0.0,,,,,0.0,1776.42,140.0,1.0,,,
MistAStar,low,18,results\raw\MistAStar-low-seed18.sca,1,0,0.0,,0.0,,24362.0,1948960.0,12.0,,,,,,,,,,,0.0,,,
MistAStar,low,19,results\raw\MistAStar-low-seed19.sca,1,1,1.0,34.199999999998454,2.2755555555555556,22177.0,22162.0,1773056.0,15.0,141.5,706.0,0.0,,,,,0.0,1776.42,140.0,1.0,,,
MistAStar,low,2,results\raw\MistAStar-low-seed2.sca,1,1,1.0,47.60000000000275,2.2755555555555556,22104.0,22088.0,1767136.0,16.0,141.5,685.99999999999,0.0,,,,,0.0,1776.42,140.0,1.0,,,
MistAStar,low,20,results\raw\MistAStar-low-seed20.sca,1,1,1.0,38.30000000000666,2.2755555555555556,21746.0,21728.0,1738336.0,18.0,141.5,626.0,0.0,,,,,0.0,1776.42,140.0,1.0,,,
MistAStar,low,21,results\raw\MistAStar-low-seed21.sca,1,1,1.0,55.59999999999832,2.2755555555555556,20695.0,20679.0,1654416.0,16.0,143.5,786.0,0.0,,,,,2.0,1781.215146674,142.0,1.0,,,
MistAStar,low,22,results\raw\MistAStar-low-seed22.sca,1,1,1.0,30.799999999999272,2.2755555555555556,22410.0,22393.0,1791536.0,17.0,141.0,465.99999999999,0.0,,,,,0.0,1776.42,140.0,1.0,,,
MistAStar,low,23,results\raw\MistAStar-low-seed23.sca,1,0,0.0,,0.0,,23920.0,1913600.0,13.0,,,,,,,,,,,0.0,,,
MistAStar,low,24,results\raw\MistAStar-low-seed24.sca,1,1,1.0,36.40000000000043,2.2755555555555556,20944.0,20926.0,1674176.0,18.0,141.5,705.99999999999,0.0,,,,,0.0,1776.42,140.0,1.0,,,
MistAStar,low,25,results\raw\MistAStar-low-seed25.sca,1,0,0.0,,0.0,,26775.0,2142000.0,2.0,,,,,,,,,,,0.0,,,
MistAStar,low,26,results\raw\MistAStar-low-seed26.sca,1,1,1.0,60.29999999999802,2.2755555555555556,23348.0,23330.0,1866496.0,18.0,141.5,446.0,0.0,,,,,0.0,1776.42,140.0,1.0,,,
MistAStar,low,27,results\raw\MistAStar-low-seed27.sca,1,1,1.0,32.60000000000218,2.2755555555555556,22669.0,22651.0,1812176.0,18.0,141.5,646.0,0.0,,,,,0.0,1776.42,140.0,1.0,,,
MistAStar,low,28,results\raw\MistAStar-low-seed28.sca,1,0,0.0,,0.0,,24270.0,1941600.0,2.0,,,,,,,,,,,0.0,,,
MistAStar,low,29,results\raw\MistAStar-low-seed29.sca,1,1,1.0,49.30000000000234,2.2755555555555556,21944.0,21926.0,1754176.0,18.0,141.5,566.0,0.0,,,,,0.0,1776.42,140.0,1.0,,,
MistAStar,low,3,results\raw\MistAStar-low-seed3.sca,1,1,1.0,49.80000000000473,2.2755555555555556,23265.0,23248.0,1859936.0,17.0,141.5,506.0,0.0,,,,,0.0,1776.42,140.0,1.0,,,
MistAStar,low,30,results\raw\MistAStar-low-seed30.sca,1,1,1.0,43.00000000000637,2.2755555555555556,20743.0,20726.0,1658176.0,17.0,141.5,746.0,0.0,,,,,0.0,1776.42,140.0,1.0,,,
MistAStar,low,4,results\raw\MistAStar-low-seed4.sca,1,1,1.0,53.29999999999302,2.2755555555555556,22559.0,22541.0,1803376.0,18.0,141.5,566.0,0.0,,,,,0.0,1776.42,140.0,1.0,,,
MistAStar,low,5,results\raw\MistAStar-low-seed5.sca,1,1,1.0,29.39999999999543,2.2755555555555556,21572.0,21556.0,1724576.0,16.0,141.0,446.0,0.0,,,,,0.0,1776.42,140.0,1.0,,,
MistAStar,low,6,results\raw\MistAStar-low-seed6.sca,1,0,0.0,,0.0,,26550.0,2124000.0,2.0,,,,,,,,,,,0.0,,,
MistAStar,low,7,results\raw\MistAStar-low-seed7.sca,1,1,1.0,33.50000000000364,2.2755555555555556,22568.0,22550.0,1804096.0,18.0,141.5,746.0,0.0,,,,,0.0,1776.42,140.0,1.0,,,
MistAStar,low,8,results\raw\MistAStar-low-seed8.sca,1,1,1.0,56.60000000000309,2.2755555555555556,21622.0,21605.0,1728496.0,17.0,141.5,746.0,0.0,,,,,0.0,1776.42,140.0,1.0,,,
MistAStar,low,9,results\raw\MistAStar-low-seed9.sca,1,1,1.0,40.99999999999682,2.2755555555555556,22584.0,22568.0,1805536.0,16.0,141.5,746.0,0.0,,,,,0.0,1776.42,140.0,1.0,,,
MistAStar,medium,1,results\raw\MistAStar-medium-seed1.sca,1,1,1.0,33.00000000000125,2.2755555555555556,38885.0,38855.0,3108496.0,30.0,142.0,1066.0,0.0,,,,,0.0,1776.42,140.0,1.0,,,
MistAStar,medium,10,results\raw\MistAStar-medium-seed10.sca,1,1,1.0,36.100000000004684,2.2755555555555556,40082.0,40054.0,3204416.0,28.0,141.5,506.0,0.0,,,,,0.0,1776.42,140.0,1.0,,,
MistAStar,medium,11,results\raw\MistAStar-medium-seed11.sca,1,1,1.0,31.999999999996476,2.2755555555555556,40747.0,40717.0,3257456.0,30.0,142.0,1006.0,0.0,,,,,0.0,1776.42,140.0,1.0,,,
MistAStar,medium,12,results\raw\MistAStar-medium-seed12.sca,1,1,1.0,27.79999999999916,2.2755555555555556,39908.0,39878.0,3190336.0,30.0,141.5,766.00000000001,0.0,,,,,0.0,1776.42,140.0,1.0,,,
MistAStar,medium,13,results\raw\MistAStar-medium-seed13.sca,1,1,1.0,33.799999999999386,2.2755555555555556,40133.0,40104.0,3208416.0,29.0,141.5,845.99999999999,0.0,,,,,0.0,1776.42,140.0,1.0,,,
MistAStar,medium,14,results\raw\MistAStar-medium-seed14.sca,1,1,1.0,44.70000000000596,2.2755555555555556,39577.0,39546.0,3163776.0,31.0,141.5,866.0,0.0,,,,,0.0,1776.42,140.0,1.0,,,
MistAStar,medium,15,results\raw\MistAStar-medium-seed15.sca,1,1,1.0,57.00000000000216,2.2755555555555556,38114.0,38086.0,3046976.0,28.0,141.5,566.0,0.0,,,,,0.0,1776.42,140.0,1.0,,,
MistAStar,medium,16,results\raw\MistAStar-medium-seed16.sca,1,1,1.0,23.60000000000184,2.2755555555555556,38977.0,38947.0,3115856.0,30.0,141.5,946.0,0.0,,,,,0.0,1776.42,140.0,1.0,,,
MistAStar,medium,17,results\raw\MistAStar-medium-seed17.sca,1,1,1.0,33.799999999999386,2.2755555555555556,39834.0,39804.0,3184416.0,30.0,141.5,806.0,0.0,,,,,0.0,1776.42,140.0,1.0,,,
MistAStar,medium,18,results\raw\MistAStar-medium-seed18.sca,1,1,1.0,40.40000000000532,2.2755555555555556,39623.0,39596.0,3167776.0,27.0,141.5,746.0,0.0,,,,,0.0,1776.42,140.0,1.0,,,
MistAStar,medium,19,results\raw\MistAStar-medium-seed19.sca,1,1,1.0,49.70000000000141,2.2755555555555556,40111.0,40082.0,3206656.0,29.0,142.0,586.0,0.0,,,,,0.5,1781.1161217988,140.5,1.0,,,
MistAStar,medium,2,results\raw\MistAStar-medium-seed2.sca,1,1,1.0,28.300000000001546,2.2755555555555556,39869.0,39840.0,3187296.0,29.0,141.5,965.99999999999,0.0,,,,,0.0,1776.42,140.0,1.0,,,
MistAStar,medium,20,results\raw\MistAStar-medium-seed20.sca,1,1,1.0,43.89999999999361,2.2755555555555556,40388.0,40357.0,3228656.0,31.0,141.5,866.0,0.0,,,,,0.0,1776.42,140.0,1.0,,,
MistAStar,medium,21,results\raw\MistAStar-medium-seed21.sca,1,1,1.0,35.30000000000655,2.2755555555555556,37649.0,37621.0,3009776.0,28.0,142.0,985.99999999999,0.0,,,,,0.0,1776.42,140.0,1.0,,,
MistAStar,medium,22,results\raw\MistAStar-medium-seed22.sca,1,1,1.0,41.600000000002524,2.2755555555555556,41509.0,41479.0,3318416.0,30.0,142.0,925.9999999999901,0.0,,,,,0.5,1778.2729009585,140.5,1.0,,,
MistAStar,medium,23,results\raw\MistAStar-medium-seed23.sca,1,1,1.0,29.09999999999968,2.2755555555555556,38396.0,38365.0,3069296.0,31.0,142.0,1046.0,0.0,,,,,0.0,1776.42,140.0,1.0,,,
MistAStar,medium,24,results\raw\MistAStar-medium-seed24.sca,1,1,1.0,44.30000000000689,2.2755555555555556,40561.0,40530.0,3242496.0,31.0,141.5,606.00000000001,0.0,,,,,0.0,1776.42,140.0,1.0,,,
MistAStar,medium,25,results\raw\MistAStar-medium-seed25.sca,1,0,0.0,,0.0,,47405.0,3792400.0,2.0,,,,,,,,,,,0.0,,,
MistAStar,medium,26,results\raw\MistAStar-medium-seed26.sca,1,1,1.0,39.00000000000148,2.2755555555555556,40616.0,40586.0,3246976.0,30.0,142.0,985.99999999999,0.0,,,,,0.0,1776.42,140.0,1.0,,,
MistAStar,medium,27,results\raw\MistAStar-medium-seed27.sca,1,1,1.0,28.300000000001546,2.2755555555555556,41015.0,40985.0,3278896.0,30.0,141.5,705.99999999999,0.0,,,,,0.0,1776.42,140.0,1.0,,,
MistAStar,medium,28,results\raw\MistAStar-medium-seed28.sca,1,1,1.0,44.49999999999932,2.2755555555555556,40905.0,40875.0,3270096.0,30.0,141.5,905.99999999999,0.0,,,,,0.0,1776.42,140.0,1.0,,,
MistAStar,medium,29,results\raw\MistAStar-medium-seed29.sca,1,1,1.0,28.300000000001546,2.2755555555555556,39770.0,39740.0,3179296.0,30.0,142.0,1106.0,0.0,,,,,0.0,1776.42,140.0,1.0,,,
MistAStar,medium,3,results\raw\MistAStar-medium-seed3.sca,1,1,1.0,31.30000000000166,2.2755555555555556,40088.0,40060.0,3204896.0,28.0,141.5,666.0,0.0,,,,,0.0,1776.42,140.0,1.0,,,
MistAStar,medium,30,results\raw\MistAStar-medium-seed30.sca,1,1,1.0,24.699999999995725,2.2755555555555556,38315.0,38285.0,3062896.0,30.0,142.0,1326.0,0.0,,,,,0.0,1776.42,140.0,1.0,,,
MistAStar,medium,4,results\raw\MistAStar-medium-seed4.sca,1,1,1.0,38.79999999999484,2.2755555555555556,39638.0,39607.0,3168656.0,31.0,141.5,846.0,0.0,,,,,0.0,1776.42,140.0,1.0,,,
MistAStar,medium,5,results\raw\MistAStar-medium-seed5.sca,1,1,1.0,30.100000000004457,2.2755555555555556,39775.0,39747.0,3179856.0,28.0,141.5,726.0,0.0,,,,,0.0,1776.42,140.0,1.0,,,
MistAStar,medium,6,results\raw\MistAStar-medium-seed6.sca,1,1,1.0,48.40000000000089,2.2755555555555556,41713.0,41683.0,3334736.0,30.0,141.5,666.0,0.0,,,,,0.0,1776.42,140.0,1.0,,,
MistAStar,medium,7,results\raw\MistAStar-medium-seed7.sca,1,1,1.0,39.90000000000293,2.2755555555555556,40562.0,40532.0,3242656.0,30.0,141.5,926.0,0.0,,,,,0.0,1776.42,140.0,1.0,,,
MistAStar,medium,8,results\raw\MistAStar-medium-seed8.sca,1,1,1.0,31.800000000004047,2.2755555555555556,38423.0,38393.0,3071536.0,30.0,141.5,625.99999999999,0.0,,,,,0.0,1776.42,140.0,1.0,,,
MistAStar,medium,9,results\raw\MistAStar-medium-seed9.sca,1,1,1.0,57.10000000000548,2.2755555555555556,41849.0,41821.0,3345776.0,28.0,141.5,906.00000000001,0.0,,,,,0.0,1776.42,140.0,1.0,,,
MistDynamicAStar,high,1,results\raw\MistDynamicAStar-high-seed1.sca,1,1,1.0,25.400000000004752,2.2755555555555556,54414.0,54374.0,4350016.0,40.0,142.0,1246.0,0.0,0,26,,,0.0,1776.42,140.0,1.0,,,
MistDynamicAStar,high,10,results\raw\MistDynamicAStar-high-seed10.sca,1,1,1.0,30.799999999999272,2.2755555555555556,55548.0,55510.0,4440896.0,38.0,141.5,666.0,0.0,0,26,,,0.0,1776.42,140.0,1.0,,,
MistDynamicAStar,high,11,results\raw\MistDynamicAStar-high-seed11.sca,1,1,1.0,37.19999999999857,2.2755555555555556,55510.0,55471.0,4437776.0,39.0,142.0,1186.0,0.0,0,26,,,0.0,1776.42,140.0,1.0,,,
MistDynamicAStar,high,12,results\raw\MistDynamicAStar-high-seed12.sca,1,1,1.0,20.600000000001728,2.2755555555555556,56600.0,56560.0,4524896.0,40.0,142.0,1206.0,0.0,0,26,,,0.0,1776.42,140.0,1.0,,,
MistDynamicAStar,high,13,results\raw\MistDynamicAStar-high-seed13.sca,1,1,1.0,39.1000000000048,2.2755555555555556,52741.0,52702.0,4216256.0,39.0,142.0,965.99999999999,0.0,0,26,,,0.0,1776.42,140.0,1.0,,,
MistDynamicAStar,high,14,results\raw\MistDynamicAStar-high-seed14.sca,1,1,1.0,44.30000000000689,2.2755555555555556,55301.0,55261.0,4420976.0,40.0,142.0,1226.0,0.0,0,26,,,0.0,1776.42,140.0,1.0,,,
MistDynamicAStar,high,15,results\raw\MistDynamicAStar-high-seed15.sca,1,1,1.0,32.60000000000218,2.2755555555555556,53536.0,53499.0,4280016.0,37.0,141.5,825.99999999999,0.0,0,26,,,0.0,1776.42,140.0,1.0,,,
MistDynamicAStar,high,16,results\raw\MistDynamicAStar-high-seed16.sca,1,1,1.0,30.100000000004457,2.2755555555555556,53198.0,53159.0,4252816.0,39.0,142.0,1226.0,0.0,0,26,,,0.0,1776.42,140.0,1.0,,,
MistDynamicAStar,high,17,results\raw\MistDynamicAStar-high-seed17.sca,1,1,1.0,29.49999999999875,2.2755555555555556,55860.0,55821.0,4465776.0,39.0,141.5,866.0,0.0,0,26,,,0.0,1776.42,140.0,1.0,,,
MistDynamicAStar,high,18,results\raw\MistDynamicAStar-high-seed18.sca,1,1,1.0,59.20000000000414,2.2755555555555556,52826.0,52789.0,4223216.0,37.0,141.5,866.0,0.0,0,26,,,0.0,1776.42,140.0,1.0,,,
MistDynamicAStar,high,19,results\raw\MistDynamicAStar-high-seed19.sca,1,1,1.0,25.89999999999293,2.2755555555555556,53833.0,53794.0,4303616.0,39.0,142.0,1406.0,0.0,0,26,,,0.0,1776.42,140.0,1.0,,,
MistDynamicAStar,high,2,results\raw\MistDynamicAStar-high-seed2.sca,1,1,1.0,21.600000000006503,2.2755555555555556,54659.0,54621.0,4369776.0,38.0,143.0,986.0,0.0,0,26,,,1.0,1781.7178908771,141.0,1.0,,,
MistDynamicAStar,high,20,results\raw\MistDynamicAStar-high-seed20.sca,1,1,1.0,32.39999999999554,2.2755555555555556,54953.0,54912.0,4393056.0,41.0,141.5,786.0,0.0,0,26,,,0.0,1776.42,140.0,1.0,,,
MistDynamicAStar,high,21,results\raw\MistDynamicAStar-high-seed21.sca,1,1,1.0,28.800000000003934,2.2755555555555556,52850.0,52812.0,4225056.0,38.0,142.0,1226.0,0.0,0,26,,,0.0,1776.42,140.0,1.0,,,
MistDynamicAStar,high,22,results\raw\MistDynamicAStar-high-seed22.sca,1,1,1.0,25.300000000001432,2.2755555555555556,54112.0,54072.0,4325856.0,40.0,142.5,1286.0,0.0,1,27,,,0.5,1782.075,140.5,1.0,,,
MistDynamicAStar,high,23,results\raw\MistDynamicAStar-high-seed23.sca,1,1,1.0,27.000000000001023,2.2755555555555556,52891.0,52850.0,4228096.0,41.0,143.0,1406.0,0.0,1,26,,,1.0,1782.9278221489,141.0,1.0,,,
MistDynamicAStar,high,24,results\raw\MistDynamicAStar-high-seed24.sca,1,1,1.0,38.60000000000241,2.2755555555555556,56266.0,56226.0,4498176.0,40.0,141.5,825.99999999999,0.0,0,26,,,0.0,1776.42,140.0,1.0,,,
MistDynamicAStar,high,25,results\raw\MistDynamicAStar-high-seed25.sca,1,1,1.0,25.400000000004752,2.2755555555555556,54659.0,54618.0,4369536.0,41.0,145.0,1326.0,0.0,1,26,,,3.0,1786.9448355512,143.0,1.0,,,
MistDynamicAStar,high,26,results\raw\MistDynamicAStar-high-seed26.sca,1,1,1.0,38.10000000000002,2.2755555555555556,55047.0,55007.0,4400656.0,40.0,148.5,1246.0,0.0,0,26,,,6.5,1781.6628754964,146.5,1.0,,,
MistDynamicAStar,high,27,results\raw\MistDynamicAStar-high-seed27.sca,1,1,1.0,26.799999999994384,2.2755555555555556,55087.0,55047.0,4403856.0,40.0,140.5,1006.0,0.0,1,26,,,0.0,1786.709,138.5,1.0,,,
MistDynamicAStar,high,28,results\raw\MistDynamicAStar-high-seed28.sca,1,1,1.0,28.499999999993975,2.2755555555555556,54967.0,54927.0,4394256.0,40.0,142.0,1026.0,0.0,0,26,,,0.0,1776.42,140.0,1.0,,,
MistDynamicAStar,high,29,results\raw\MistDynamicAStar-high-seed29.sca,1,1,1.0,28.899999999993042,2.2755555555555556,52918.0,52878.0,4230336.0,40.0,142.0,1126.0,0.0,0,26,,,0.0,1776.42,140.0,1.0,,,
MistDynamicAStar,high,3,results\raw\MistDynamicAStar-high-seed3.sca,1,1,1.0,21.90000000000225,2.2755555555555556,55264.0,55224.0,4418016.0,40.0,141.5,846.0,0.0,0,26,,,0.0,1776.42,140.0,1.0,,,
MistDynamicAStar,high,30,results\raw\MistDynamicAStar-high-seed30.sca,1,1,1.0,36.69999999999618,2.2755555555555556,52284.0,52244.0,4179616.0,40.0,146.5,1366.0,0.0,0,26,,,4.5,1776.2492434019,144.5,1.0,,,
MistDynamicAStar,high,4,results\raw\MistDynamicAStar-high-seed4.sca,1,1,1.0,33.40000000000032,2.2755555555555556,55139.0,55099.0,4408016.0,40.0,142.0,1306.0,0.0,0,26,,,0.0,1776.42,140.0,1.0,,,
MistDynamicAStar,high,5,results\raw\MistDynamicAStar-high-seed5.sca,1,1,1.0,33.699999999996066,2.2755555555555556,56227.0,56191.0,4495376.0,36.0,149.5,746.0,4.0,1,28,,,8.0,1783.725874263,148.0,1.0,,,
MistDynamicAStar,high,6,results\raw\MistDynamicAStar-high-seed6.sca,1,1,1.0,37.499999999994316,2.2755555555555556,54729.0,54689.0,4375216.0,40.0,142.0,966.00000000001,0.0,0,26,,,0.0,1776.42,140.0,1.0,,,
MistDynamicAStar,high,7,results\raw\MistDynamicAStar-high-seed7.sca,1,1,1.0,28.899999999993042,2.2755555555555556,52777.0,52736.0,4218976.0,41.0,141.5,966.00000000001,0.0,0,26,,,0.0,1776.42,140.0,1.0,,,
MistDynamicAStar,high,8,results\raw\MistDynamicAStar-high-seed8.sca,1,1,1.0,39.400000000000546,2.2755555555555556,53417.0,53378.0,4270336.0,39.0,139.0,926.0,0.0,1,26,,,0.0,1786.22,137.5,1.0,,,
MistDynamicAStar,high,9,results\raw\MistDynamicAStar-high-seed9.sca,1,1,1.0,37.40000000000521,2.2755555555555556,55990.0,55952.0,4476256.0,38.0,147.5,1206.0,0.0,0,27,,,5.5,1776.4878864868,145.5,1.0,,,
MistDynamicAStar,low,1,results\raw\MistDynamicAStar-low-seed1.sca,1,1,1.0,51.59999999999343,2.2755555555555556,21473.0,21455.0,1716496.0,18.0,141.5,646.0,0.0,0,26,,,0.0,1776.42,140.0,1.0,,,
MistDynamicAStar,low,10,results\raw\MistDynamicAStar-low-seed10.sca,1,1,1.0,57.599999999993656,2.2755555555555556,22978.0,22962.0,1837056.0,16.0,141.5,566.0,0.0,0,26,,,0.0,1776.42,140.0,1.0,,,
MistDynamicAStar,low,11,results\raw\MistDynamicAStar-low-seed11.sca,1,1,1.0,31.49999999999409,2.2755555555555556,21972.0,21954.0,1756416.0,18.0,142.0,726.0,0.0,1,27,,,0.5,1782.075,140.5,1.0,,,
MistDynamicAStar,low,12,results\raw\MistDynamicAStar-low-seed12.sca,1,0,0.0,,0.0,,25475.0,2038000.0,3.0,,,,0,0,,,,,,0.0,,,
MistDynamicAStar,low,13,results\raw\MistDynamicAStar-low-seed13.sca,1,1,1.0,51.00000000000193,2.2755555555555556,20925.0,20908.0,1672736.0,17.0,143.5,646.0,0.0,0,25,,,2.0,1780.6982101821,142.0,1.0,,,
MistDynamicAStar,low,14,results\raw\MistDynamicAStar-low-seed14.sca,1,1,1.0,42.29999999999734,2.2755555555555556,21891.0,21873.0,1749936.0,18.0,141.5,706.0,0.0,0,26,,,0.0,1776.42,140.0,1.0,,,
MistDynamicAStar,low,15,results\raw\MistDynamicAStar-low-seed15.sca,1,1,1.0,43.400000000005434,2.2755555555555556,21604.0,21587.0,1727056.0,17.0,141.0,446.0,0.0,0,26,,,0.0,1776.42,140.0,1.0,,,
MistDynamicAStar,low,16,results\raw\MistDynamicAStar-low-seed16.sca,1,1,1.0,54.000000000002046,2.2755555555555556,21845.0,21828.0,1746336.0,17.0,141.5,566.0,0.0,0,26,,,0.0,1776.42,140.0,1.0,,,
MistDynamicAStar,low,17,results\raw\MistDynamicAStar-low-seed17.sca,1,1,1.0,41.600000000002524,2.2755555555555556,23072.0,23054.0,1844416.0,18.0,141.5,565.99999999999,0.0,0,26,,,0.0,1776.42,140.0,1.0,,,
MistDynamicAStar,low,18,results\raw\MistDynamicAStar-low-seed18.sca,1,0,0.0,,0.0,,24362.0,1948960.0,12.0,,,,0,0,,,,,,0.0,,,
MistDynamicAStar,low,19,results\raw\MistDynamicAStar-low-seed19.sca,1,1,1.0,34.199999999998454,2.2755555555555556,22177.0,22162.0,1773056.0,15.0,141.5,706.0,0.0,0,26,,,0.0,1776.42,140.0,1.0,,,
MistDynamicAStar,low,2,results\raw\MistDynamicAStar-low-seed2.sca,1,1,1.0,47.60000000000275,2.2755555555555556,22104.0,22088.0,1767136.0,16.0,141.5,685.99999999999,0.0,0,26,,,0.0,1776.42,140.0,1.0,,,
MistDynamicAStar,low,20,results\raw\MistDynamicAStar-low-seed20.sca,1,1,1.0,38.30000000000666,2.2755555555555556,21746.0,21728.0,1738336.0,18.0,141.5,626.0,0.0,0,26,,,0.0,1776.42,140.0,1.0,,,
MistDynamicAStar,low,21,results\raw\MistDynamicAStar-low-seed21.sca,1,1,1.0,55.59999999999832,2.2755555555555556,20695.0,20679.0,1654416.0,16.0,143.5,786.0,0.0,0,25,,,2.0,1781.215146674,142.0,1.0,,,
MistDynamicAStar,low,22,results\raw\MistDynamicAStar-low-seed22.sca,1,1,1.0,30.799999999999272,2.2755555555555556,22410.0,22393.0,1791536.0,17.0,141.0,465.99999999999,0.0,0,26,,,0.0,1776.42,140.0,1.0,,,
MistDynamicAStar,low,23,results\raw\MistDynamicAStar-low-seed23.sca,1,0,0.0,,0.0,,23920.0,1913600.0,13.0,,,,0,0,,,,,,0.0,,,
MistDynamicAStar,low,24,results\raw\MistDynamicAStar-low-seed24.sca,1,1,1.0,36.40000000000043,2.2755555555555556,20944.0,20926.0,1674176.0,18.0,141.5,705.99999999999,0.0,0,26,,,0.0,1776.42,140.0,1.0,,,
MistDynamicAStar,low,25,results\raw\MistDynamicAStar-low-seed25.sca,1,0,0.0,,0.0,,26775.0,2142000.0,2.0,,,,0,0,,,,,,0.0,,,
MistDynamicAStar,low,26,results\raw\MistDynamicAStar-low-seed26.sca,1,1,1.0,60.29999999999802,2.2755555555555556,23348.0,23330.0,1866496.0,18.0,141.5,446.0,0.0,0,26,,,0.0,1776.42,140.0,1.0,,,
MistDynamicAStar,low,27,results\raw\MistDynamicAStar-low-seed27.sca,1,1,1.0,32.60000000000218,2.2755555555555556,22914.0,22896.0,1831776.0,18.0,142.0,646.0,0.0,1,27,,,0.5,1782.075,140.5,1.0,,,
MistDynamicAStar,low,28,results\raw\MistDynamicAStar-low-seed28.sca,1,0,0.0,,0.0,,24270.0,1941600.0,2.0,,,,0,0,,,,,,0.0,,,
MistDynamicAStar,low,29,results\raw\MistDynamicAStar-low-seed29.sca,1,1,1.0,49.30000000000234,2.2755555555555556,21944.0,21926.0,1754176.0,18.0,141.5,566.0,0.0,0,26,,,0.0,1776.42,140.0,1.0,,,
MistDynamicAStar,low,3,results\raw\MistDynamicAStar-low-seed3.sca,1,1,1.0,49.80000000000473,2.2755555555555556,23265.0,23248.0,1859936.0,17.0,141.5,506.0,0.0,0,26,,,0.0,1776.42,140.0,1.0,,,
MistDynamicAStar,low,30,results\raw\MistDynamicAStar-low-seed30.sca,1,1,1.0,43.00000000000637,2.2755555555555556,20743.0,20726.0,1658176.0,17.0,141.5,746.0,0.0,0,26,,,0.0,1776.42,140.0,1.0,,,
MistDynamicAStar,low,4,results\raw\MistDynamicAStar-low-seed4.sca,1,1,1.0,53.29999999999302,2.2755555555555556,22559.0,22541.0,1803376.0,18.0,141.5,566.0,0.0,0,26,,,0.0,1776.42,140.0,1.0,,,
MistDynamicAStar,low,5,results\raw\MistDynamicAStar-low-seed5.sca,1,1,1.0,29.39999999999543,2.2755555555555556,21572.0,21556.0,1724576.0,16.0,141.0,446.0,0.0,0,26,,,0.0,1776.42,140.0,1.0,,,
MistDynamicAStar,low,6,results\raw\MistDynamicAStar-low-seed6.sca,1,0,0.0,,0.0,,26550.0,2124000.0,2.0,,,,0,0,,,,,,0.0,,,
MistDynamicAStar,low,7,results\raw\MistDynamicAStar-low-seed7.sca,1,1,1.0,33.50000000000364,2.2755555555555556,22568.0,22550.0,1804096.0,18.0,141.5,746.0,0.0,0,26,,,0.0,1776.42,140.0,1.0,,,
MistDynamicAStar,low,8,results\raw\MistDynamicAStar-low-seed8.sca,1,1,1.0,56.60000000000309,2.2755555555555556,21897.0,21880.0,1750496.0,17.0,142.0,746.0,0.0,1,27,,,0.5,1782.075,140.5,1.0,,,
MistDynamicAStar,low,9,results\raw\MistDynamicAStar-low-seed9.sca,1,1,1.0,40.99999999999682,2.2755555555555556,22584.0,22568.0,1805536.0,16.0,141.5,746.0,0.0,0,26,,,0.0,1776.42,140.0,1.0,,,
MistDynamicAStar,medium,1,results\raw\MistDynamicAStar-medium-seed1.sca,1,1,1.0,33.00000000000125,2.2755555555555556,38885.0,38855.0,3108496.0,30.0,142.0,1066.0,0.0,0,26,,,0.0,1776.42,140.0,1.0,,,
MistDynamicAStar,medium,10,results\raw\MistDynamicAStar-medium-seed10.sca,1,1,1.0,36.100000000004684,2.2755555555555556,40082.0,40054.0,3204416.0,28.0,141.5,506.0,0.0,0,26,,,0.0,1776.42,140.0,1.0,,,
MistDynamicAStar,medium,11,results\raw\MistDynamicAStar-medium-seed11.sca,1,1,1.0,31.999999999996476,2.2755555555555556,40747.0,40717.0,3257456.0,30.0,142.0,1006.0,0.0,0,26,,,0.0,1776.42,140.0,1.0,,,
MistDynamicAStar,medium,12,results\raw\MistDynamicAStar-medium-seed12.sca,1,1,1.0,27.79999999999916,2.2755555555555556,39908.0,39878.0,3190336.0,30.0,141.5,766.00000000001,0.0,0,26,,,0.0,1776.42,140.0,1.0,,,
MistDynamicAStar,medium,13,results\raw\MistDynamicAStar-medium-seed13.sca,1,1,1.0,33.799999999999386,2.2755555555555556,40133.0,40104.0,3208416.0,29.0,141.5,845.99999999999,0.0,0,26,,,0.0,1776.42,140.0,1.0,,,
MistDynamicAStar,medium,14,results\raw\MistDynamicAStar-medium-seed14.sca,1,1,1.0,44.70000000000596,2.2755555555555556,39577.0,39546.0,3163776.0,31.0,141.5,866.0,0.0,0,26,,,0.0,1776.42,140.0,1.0,,,
MistDynamicAStar,medium,15,results\raw\MistDynamicAStar-medium-seed15.sca,1,1,1.0,57.00000000000216,2.2755555555555556,38114.0,38086.0,3046976.0,28.0,141.5,566.0,0.0,0,26,,,0.0,1776.42,140.0,1.0,,,
MistDynamicAStar,medium,16,results\raw\MistDynamicAStar-medium-seed16.sca,1,1,1.0,23.60000000000184,2.2755555555555556,38977.0,38947.0,3115856.0,30.0,141.5,946.0,0.0,0,26,,,0.0,1776.42,140.0,1.0,,,
MistDynamicAStar,medium,17,results\raw\MistDynamicAStar-medium-seed17.sca,1,1,1.0,33.799999999999386,2.2755555555555556,39834.0,39804.0,3184416.0,30.0,141.5,806.0,0.0,0,26,,,0.0,1776.42,140.0,1.0,,,
MistDynamicAStar,medium,18,results\raw\MistDynamicAStar-medium-seed18.sca,1,1,1.0,40.40000000000532,2.2755555555555556,39509.0,39482.0,3158656.0,27.0,144.0,746.0,0.0,1,27,,,2.5,1786.9764863781,142.5,1.0,,,
MistDynamicAStar,medium,19,results\raw\MistDynamicAStar-medium-seed19.sca,1,1,1.0,49.70000000000141,2.2755555555555556,40111.0,40082.0,3206656.0,29.0,142.0,586.0,0.0,0,26,,,0.5,1781.1161217988,140.5,1.0,,,
MistDynamicAStar,medium,2,results\raw\MistDynamicAStar-medium-seed2.sca,1,1,1.0,28.300000000001546,2.2755555555555556,39869.0,39840.0,3187296.0,29.0,141.5,965.99999999999,0.0,0,26,,,0.0,1776.42,140.0,1.0,,,
MistDynamicAStar,medium,20,results\raw\MistDynamicAStar-medium-seed20.sca,1,1,1.0,43.89999999999361,2.2755555555555556,40287.0,40256.0,3220576.0,31.0,142.0,866.0,0.0,1,27,,,0.5,1782.075,140.5,1.0,,,
MistDynamicAStar,medium,21,results\raw\MistDynamicAStar-medium-seed21.sca,1,1,1.0,35.30000000000655,2.2755555555555556,37649.0,37621.0,3009776.0,28.0,142.0,985.99999999999,0.0,0,26,,,0.0,1776.42,140.0,1.0,,,
MistDynamicAStar,medium,22,results\raw\MistDynamicAStar-medium-seed22.sca,1,1,1.0,41.600000000002524,2.2755555555555556,41509.0,41479.0,3318416.0,30.0,142.0,925.9999999999901,0.0,0,26,,,0.5,1778.2729009585,140.5,1.0,,,
MistDynamicAStar,medium,23,results\raw\MistDynamicAStar-medium-seed23.sca,1,1,1.0,29.09999999999968,2.2755555555555556,38434.0,38403.0,3072336.0,31.0,142.5,1046.0,0.0,1,26,,,0.5,1787.2912169127,140.5,1.0,,,
MistDynamicAStar,medium,24,results\raw\MistDynamicAStar-medium-seed24.sca,1,1,1.0,44.30000000000689,2.2755555555555556,40561.0,40530.0,3242496.0,31.0,141.5,606.00000000001,0.0,0,26,,,0.0,1776.42,140.0,1.0,,,
MistDynamicAStar,medium,25,results\raw\MistDynamicAStar-medium-seed25.sca,1,0,0.0,,0.0,,47405.0,3792400.0,2.0,,,,0,0,,,,,,0.0,,,
MistDynamicAStar,medium,26,results\raw\MistDynamicAStar-medium-seed26.sca,1,1,1.0,39.00000000000148,2.2755555555555556,40616.0,40586.0,3246976.0,30.0,142.0,985.99999999999,0.0,0,26,,,0.0,1776.42,140.0,1.0,,,
MistDynamicAStar,medium,27,results\raw\MistDynamicAStar-medium-seed27.sca,1,1,1.0,28.300000000001546,2.2755555555555556,41187.0,41157.0,3292656.0,30.0,142.0,705.99999999999,0.0,1,27,,,0.5,1782.075,140.5,1.0,,,
MistDynamicAStar,medium,28,results\raw\MistDynamicAStar-medium-seed28.sca,1,1,1.0,44.49999999999932,2.2755555555555556,40905.0,40875.0,3270096.0,30.0,141.5,905.99999999999,0.0,0,26,,,0.0,1776.42,140.0,1.0,,,
MistDynamicAStar,medium,29,results\raw\MistDynamicAStar-medium-seed29.sca,1,1,1.0,28.300000000001546,2.2755555555555556,39770.0,39740.0,3179296.0,30.0,142.0,1106.0,0.0,0,26,,,0.0,1776.42,140.0,1.0,,,
MistDynamicAStar,medium,3,results\raw\MistDynamicAStar-medium-seed3.sca,1,1,1.0,31.30000000000166,2.2755555555555556,40088.0,40060.0,3204896.0,28.0,141.5,666.0,0.0,0,26,,,0.0,1776.42,140.0,1.0,,,
MistDynamicAStar,medium,30,results\raw\MistDynamicAStar-medium-seed30.sca,1,1,1.0,24.699999999995725,2.2755555555555556,38315.0,38285.0,3062896.0,30.0,142.0,1326.0,0.0,0,26,,,0.0,1776.42,140.0,1.0,,,
MistDynamicAStar,medium,4,results\raw\MistDynamicAStar-medium-seed4.sca,1,1,1.0,38.79999999999484,2.2755555555555556,39638.0,39607.0,3168656.0,31.0,141.5,846.0,0.0,0,26,,,0.0,1776.42,140.0,1.0,,,
MistDynamicAStar,medium,5,results\raw\MistDynamicAStar-medium-seed5.sca,1,1,1.0,30.100000000004457,2.2755555555555556,39764.0,39736.0,3178976.0,28.0,139.0,726.0,0.0,1,26,,,0.0,1786.22,137.5,1.0,,,
MistDynamicAStar,medium,6,results\raw\MistDynamicAStar-medium-seed6.sca,1,1,1.0,48.40000000000089,2.2755555555555556,41713.0,41683.0,3334736.0,30.0,141.5,666.0,0.0,0,26,,,0.0,1776.42,140.0,1.0,,,
MistDynamicAStar,medium,7,results\raw\MistDynamicAStar-medium-seed7.sca,1,1,1.0,39.90000000000293,2.2755555555555556,40562.0,40532.0,3242656.0,30.0,141.5,926.0,0.0,0,26,,,0.0,1776.42,140.0,1.0,,,
MistDynamicAStar,medium,8,results\raw\MistDynamicAStar-medium-seed8.sca,1,1,1.0,31.800000000004047,2.2755555555555556,38466.0,38436.0,3074976.0,30.0,142.0,625.99999999999,0.0,1,27,,,0.5,1782.075,140.5,1.0,,,
MistDynamicAStar,medium,9,results\raw\MistDynamicAStar-medium-seed9.sca,1,1,1.0,57.10000000000548,2.2755555555555556,41849.0,41821.0,3345776.0,28.0,141.5,906.00000000001,0.0,0,26,,,0.0,1776.42,140.0,1.0,,,
MistDynamicFogFallback,high,1,results\raw\MistDynamicFogFallback-high-seed1.sca,1,1,1.0,25.400000000004752,2.2755555555555556,54437.0,54397.0,4352093.0,40.0,142.0,1126.640429999,0.0,0,26,1,1126.640429999,0.0,1776.42,140.0,1.0,0.326,0.0,0.800640429999
MistDynamicFogFallback,high,10,results\raw\MistDynamicFogFallback-high-seed10.sca,1,1,1.0,30.799999999999272,2.2755555555555556,55548.0,55510.0,4440896.0,38.0,141.5,666.0,0.0,0,26,0,,0.0,1776.42,140.0,1.0,,,
MistDynamicFogFallback,high,11,results\raw\MistDynamicFogFallback-high-seed11.sca,1,1,1.0,37.19999999999857,2.2755555555555556,55510.0,55471.0,4438025.0,39.0,142.0,1126.652124601,0.0,0,26,1,1126.652124601,0.0,1776.42,140.0,1.0,0.326,0.0,0.80065212460099
MistDynamicFogFallback,high,12,results\raw\MistDynamicFogFallback-high-seed12.sca,1,1,1.0,20.600000000001728,2.2755555555555556,56545.0,56505.0,4520734.0,40.0,142.0,1126.642437377,0.0,0,26,1,1126.642437377,0.0,1776.42,140.0,1.0,0.326,0.0,0.800642437377
MistDynamicFogFallback,high,13,results\raw\MistDynamicFogFallback-high-seed13.sca,1,1,1.0,39.1000000000048,2.2755555555555556,52712.0,52673.0,4214160.0,39.0,142.0,1126.627765359,0.0,0,26,1,1126.627765359,0.0,1776.42,140.0,1.0,0.326,0.0,0.800627765359
MistDynamicFogFallback,high,14,results\raw\MistDynamicFogFallback-high-seed14.sca,1,1,1.0,44.30000000000689,2.2755555555555556,55334.0,55294.0,4423839.0,40.0,142.0,1126.6247208910002,0.0,0,26,1,1126.6247208910002,0.0,1776.42,140.0,1.0,0.326,0.0,0.800624720891
MistDynamicFogFallback,high,15,results\raw\MistDynamicFogFallback-high-seed15.sca,1,1,1.0,32.60000000000218,2.2755555555555556,53623.0,53586.0,4287177.0,37.0,142.0,1126.594450062,0.0,0,26,1,1126.594450062,0.0,1776.42,140.0,1.0,0.326,0.0,0.800594450062
MistDynamicFogFallback,high,16,results\raw\MistDynamicFogFallback-high-seed16.sca,1,1,1.0,30.100000000004457,2.2755555555555556,53193.0,53154.0,4252678.0,39.0,142.0,1126.660977689,0.0,0,26,1,1126.660977689,0.0,1776.42,140.0,1.0,0.326,0.0,0.80066097768901
MistDynamicFogFallback,high,17,results\raw\MistDynamicFogFallback-high-seed17.sca,1,1,1.0,29.49999999999875,2.2755555555555556,55920.0,55881.0,4470792.0,39.0,142.0,1126.614779662,0.0,0,26,1,1126.614779662,0.0,1776.42,140.0,1.0,0.326,0.0,0.80061477966199
MistDynamicFogFallback,high,18,results\raw\MistDynamicFogFallback-high-seed18.sca,1,1,1.0,59.20000000000414,2.2755555555555556,52820.0,52783.0,4222923.0,37.0,142.0,1126.573556956,0.0,0,26,1,1126.573556956,0.0,1776.42,140.0,1.0,0.326,0.0,0.800573556956
MistDynamicFogFallback,high,19,results\raw\MistDynamicFogFallback-high-seed19.sca,1,1,1.0,25.89999999999293,2.2755555555555556,53893.0,53854.0,4308702.0,39.0,142.0,1126.707493637,0.0,0,26,1,1126.707493637,0.0,1776.42,140.0,1.0,0.326,0.0,0.800707493637
MistDynamicFogFallback,high,2,results\raw\MistDynamicFogFallback-high-seed2.sca,1,1,1.0,21.600000000006503,2.2755555555555556,54658.0,54620.0,4369913.0,38.0,143.0,1126.615145922,0.0,0,26,1,1126.615145922,1.0,1781.7178908771,141.0,1.0,0.326,0.0,0.800615145922
MistDynamicFogFallback,high,20,results\raw\MistDynamicFogFallback-high-seed20.sca,1,1,1.0,32.39999999999554,2.2755555555555556,54953.0,54912.0,4393056.0,41.0,141.5,786.0,0.0,0,26,0,,0.0,1776.42,140.0,1.0,,,
MistDynamicFogFallback,high,21,results\raw\MistDynamicFogFallback-high-seed21.sca,1,1,1.0,28.800000000003934,2.2755555555555556,52859.0,52821.0,4226005.0,38.0,142.0,1126.642012455,0.0,0,26,1,1126.642012455,0.0,1776.42,140.0,1.0,0.326,0.0,0.80064201245501
MistDynamicFogFallback,high,22,results\raw\MistDynamicFogFallback-high-seed22.sca,1,1,1.0,25.300000000001432,2.2755555555555556,54150.0,54110.0,4329172.0,40.0,142.5,1126.68849799,0.0,1,27,1,1126.68849799,0.5,1782.075,140.5,1.0,0.326,0.0,0.80068849798999
MistDynamicFogFallback,high,23,results\raw\MistDynamicFogFallback-high-seed23.sca,1,1,1.0,27.000000000001023,2.2755555555555556,52665.0,52624.0,4210285.0,41.0,142.0,1126.6740943739999,0.0,0,26,1,1126.6740943739999,0.0,1776.42,140.0,1.0,0.326,0.0,0.800674094374
MistDynamicFogFallback,high,24,results\raw\MistDynamicFogFallback-high-seed24.sca,1,1,1.0,38.60000000000241,2.2755555555555556,56330.0,56290.0,4503496.0,40.0,142.0,1126.5997764210001,0.0,0,26,1,1126.5997764210001,0.0,1776.42,140.0,1.0,0.326,0.0,0.800599776421
MistDynamicFogFallback,high,25,results\raw\MistDynamicFogFallback-high-seed25.sca,1,1,1.0,25.400000000004752,2.2755555555555556,54611.0,54570.0,4365955.0,41.0,145.0,1126.662603202,0.0,1,26,1,1126.662603202,3.0,1786.9448355512,143.0,1.0,0.326,0.0,0.80066260320201
MistDynamicFogFallback,high,26,results\raw\MistDynamicFogFallback-high-seed26.sca,1,1,1.0,38.10000000000002,2.2755555555555556,55030.0,54990.0,4399524.0,40.0,148.5,1126.6257744670002,0.0,0,26,1,1126.6257744670002,6.5,1781.6628754964,146.5,1.0,0.326,0.0,0.80062577446699
MistDynamicFogFallback,high,27,results\raw\MistDynamicFogFallback-high-seed27.sca,1,1,1.0,26.799999999994384,2.2755555555555556,55073.0,55033.0,4402982.0,40.0,140.5,1126.642983716,0.0,1,26,1,1126.642983716,0.0,1786.709,138.5,1.0,0.326,0.0,0.800642983716
MistDynamicFogFallback,high,28,results\raw\MistDynamicFogFallback-high-seed28.sca,1,1,1.0,28.499999999993975,2.2755555555555556,54979.0,54939.0,4395419.0,40.0,142.0,1126.596181231,0.0,0,26,1,1126.596181231,0.0,1776.42,140.0,1.0,0.326,0.0,0.80059618123101
MistDynamicFogFallback,high,29,results\raw\MistDynamicFogFallback-high-seed29.sca,1,1,1.0,28.899999999993042,2.2755555555555556,52897.0,52857.0,4228882.0,40.0,142.0,1126.63225213,0.0,0,26,1,1126.63225213,0.0,1776.42,140.0,1.0,0.326,0.0,0.80063225213001
MistDynamicFogFallback,high,3,results\raw\MistDynamicFogFallback-high-seed3.sca,1,1,1.0,21.90000000000225,2.2755555555555556,55001.0,54961.0,4397179.0,40.0,142.0,1126.5872187129999,0.0,0,26,1,1126.5872187129999,0.0,1776.42,140.0,1.0,0.326,0.0,0.800587218713
MistDynamicFogFallback,high,30,results\raw\MistDynamicFogFallback-high-seed30.sca,1,1,1.0,36.69999999999618,2.2755555555555556,53246.0,53206.0,4256809.0,40.0,147.0,1126.634925332,0.0,0,27,1,1126.634925332,5.0,1781.5690098737,145.0,1.0,0.326,0.0,0.800634925332
MistDynamicFogFallback,high,4,results\raw\MistDynamicFogFallback-high-seed4.sca,1,1,1.0,33.40000000000032,2.2755555555555556,55181.0,55141.0,4411616.0,40.0,142.0,1126.6362291780001,0.0,0,26,1,1126.6362291780001,0.0,1776.42,140.0,1.0,0.326,0.0,0.800636229178
MistDynamicFogFallback,high,5,results\raw\MistDynamicFogFallback-high-seed5.sca,1,1,1.0,33.699999999996066,2.2755555555555556,56227.0,56191.0,4495376.0,36.0,149.5,746.0,4.0,1,28,0,,8.0,1783.725874263,148.0,1.0,,,
MistDynamicFogFallback,high,6,results\raw\MistDynamicFogFallback-high-seed6.sca,1,1,1.0,37.499999999994316,2.2755555555555556,54720.0,54680.0,4374718.0,40.0,142.0,1126.6054132509998,0.0,0,26,1,1126.6054132509998,0.0,1776.42,140.0,1.0,0.326,0.0,0.800605413251
MistDynamicFogFallback,high,7,results\raw\MistDynamicFogFallback-high-seed7.sca,1,1,1.0,28.899999999993042,2.2755555555555556,52692.0,52651.0,4212376.0,41.0,142.0,1126.586668443,0.0,0,26,1,1126.586668443,0.0,1776.42,140.0,1.0,0.326,0.0,0.80058666844301
MistDynamicFogFallback,high,8,results\raw\MistDynamicFogFallback-high-seed8.sca,1,1,1.0,39.400000000000546,2.2755555555555556,53114.0,53075.0,4246321.0,39.0,139.5,1126.623742961,0.0,1,26,1,1126.623742961,0.0,1786.22,137.5,1.0,0.326,0.0,0.800623742961
MistDynamicFogFallback,high,9,results\raw\MistDynamicFogFallback-high-seed9.sca,1,1,1.0,37.40000000000521,2.2755555555555556,55958.0,55920.0,4473981.0,38.0,147.5,1126.710458881,0.0,0,27,1,1126.710458881,5.5,1776.4878864868,145.5,1.0,0.326,0.0,0.80071045888101
MistDynamicFogFallback,low,1,results\raw\MistDynamicFogFallback-low-seed1.sca,1,1,1.0,51.59999999999343,2.2755555555555556,21473.0,21455.0,1716496.0,18.0,141.5,646.0,0.0,0,26,0,,0.0,1776.42,140.0,1.0,,,
MistDynamicFogFallback,low,10,results\raw\MistDynamicFogFallback-low-seed10.sca,1,1,1.0,57.599999999993656,2.2755555555555556,22978.0,22962.0,1837056.0,16.0,141.5,566.0,0.0,0,26,0,,0.0,1776.42,140.0,1.0,,,
MistDynamicFogFallback,low,11,results\raw\MistDynamicFogFallback-low-seed11.sca,1,1,1.0,31.49999999999409,2.2755555555555556,21972.0,21954.0,1756416.0,18.0,142.0,726.0,0.0,1,27,0,,0.5,1782.075,140.5,1.0,,,
MistDynamicFogFallback,low,12,results\raw\MistDynamicFogFallback-low-seed12.sca,1,0,0.0,,0.0,,25475.0,2038000.0,3.0,,,,0,0,0,,,,,0.0,,,
MistDynamicFogFallback,low,13,results\raw\MistDynamicFogFallback-low-seed13.sca,1,1,1.0,51.00000000000193,2.2755555555555556,20925.0,20908.0,1672736.0,17.0,143.5,646.0,0.0,0,25,0,,2.0,1780.6982101821,142.0,1.0,,,
MistDynamicFogFallback,low,14,results\raw\MistDynamicFogFallback-low-seed14.sca,1,1,1.0,42.29999999999734,2.2755555555555556,21891.0,21873.0,1749936.0,18.0,141.5,706.0,0.0,0,26,0,,0.0,1776.42,140.0,1.0,,,
MistDynamicFogFallback,low,15,results\raw\MistDynamicFogFallback-low-seed15.sca,1,1,1.0,43.400000000005434,2.2755555555555556,21604.0,21587.0,1727056.0,17.0,141.0,446.0,0.0,0,26,0,,0.0,1776.42,140.0,1.0,,,
MistDynamicFogFallback,low,16,results\raw\MistDynamicFogFallback-low-seed16.sca,1,1,1.0,54.000000000002046,2.2755555555555556,21845.0,21828.0,1746336.0,17.0,141.5,566.0,0.0,0,26,0,,0.0,1776.42,140.0,1.0,,,
MistDynamicFogFallback,low,17,results\raw\MistDynamicFogFallback-low-seed17.sca,1,1,1.0,41.600000000002524,2.2755555555555556,23072.0,23054.0,1844416.0,18.0,141.5,565.99999999999,0.0,0,26,0,,0.0,1776.42,140.0,1.0,,,
MistDynamicFogFallback,low,18,results\raw\MistDynamicFogFallback-low-seed18.sca,1,0,0.0,,0.0,,24362.0,1948960.0,12.0,,,,0,0,0,,,,,0.0,,,
MistDynamicFogFallback,low,19,results\raw\MistDynamicFogFallback-low-seed19.sca,1,1,1.0,34.199999999998454,2.2755555555555556,22177.0,22162.0,1773056.0,15.0,141.5,706.0,0.0,0,26,0,,0.0,1776.42,140.0,1.0,,,
MistDynamicFogFallback,low,2,results\raw\MistDynamicFogFallback-low-seed2.sca,1,1,1.0,47.60000000000275,2.2755555555555556,22104.0,22088.0,1767136.0,16.0,141.5,685.99999999999,0.0,0,26,0,,0.0,1776.42,140.0,1.0,,,
MistDynamicFogFallback,low,20,results\raw\MistDynamicFogFallback-low-seed20.sca,1,1,1.0,38.30000000000666,2.2755555555555556,21746.0,21728.0,1738336.0,18.0,141.5,626.0,0.0,0,26,0,,0.0,1776.42,140.0,1.0,,,
MistDynamicFogFallback,low,21,results\raw\MistDynamicFogFallback-low-seed21.sca,1,1,1.0,55.59999999999832,2.2755555555555556,20695.0,20679.0,1654416.0,16.0,143.5,786.0,0.0,0,25,0,,2.0,1781.215146674,142.0,1.0,,,
MistDynamicFogFallback,low,22,results\raw\MistDynamicFogFallback-low-seed22.sca,1,1,1.0,30.799999999999272,2.2755555555555556,22410.0,22393.0,1791536.0,17.0,141.0,465.99999999999,0.0,0,26,0,,0.0,1776.42,140.0,1.0,,,
MistDynamicFogFallback,low,23,results\raw\MistDynamicFogFallback-low-seed23.sca,1,0,0.0,,0.0,,23920.0,1913600.0,13.0,,,,0,0,0,,,,,0.0,,,
MistDynamicFogFallback,low,24,results\raw\MistDynamicFogFallback-low-seed24.sca,1,1,1.0,36.40000000000043,2.2755555555555556,20944.0,20926.0,1674176.0,18.0,141.5,705.99999999999,0.0,0,26,0,,0.0,1776.42,140.0,1.0,,,
MistDynamicFogFallback,low,25,results\raw\MistDynamicFogFallback-low-seed25.sca,1,0,0.0,,0.0,,26775.0,2142000.0,2.0,,,,0,0,0,,,,,0.0,,,
MistDynamicFogFallback,low,26,results\raw\MistDynamicFogFallback-low-seed26.sca,1,1,1.0,60.29999999999802,2.2755555555555556,23348.0,23330.0,1866496.0,18.0,141.5,446.0,0.0,0,26,0,,0.0,1776.42,140.0,1.0,,,
MistDynamicFogFallback,low,27,results\raw\MistDynamicFogFallback-low-seed27.sca,1,1,1.0,32.60000000000218,2.2755555555555556,22914.0,22896.0,1831776.0,18.0,142.0,646.0,0.0,1,27,0,,0.5,1782.075,140.5,1.0,,,
MistDynamicFogFallback,low,28,results\raw\MistDynamicFogFallback-low-seed28.sca,1,0,0.0,,0.0,,24270.0,1941600.0,2.0,,,,0,0,0,,,,,0.0,,,
MistDynamicFogFallback,low,29,results\raw\MistDynamicFogFallback-low-seed29.sca,1,1,1.0,49.30000000000234,2.2755555555555556,21944.0,21926.0,1754176.0,18.0,141.5,566.0,0.0,0,26,0,,0.0,1776.42,140.0,1.0,,,
MistDynamicFogFallback,low,3,results\raw\MistDynamicFogFallback-low-seed3.sca,1,1,1.0,49.80000000000473,2.2755555555555556,23265.0,23248.0,1859936.0,17.0,141.5,506.0,0.0,0,26,0,,0.0,1776.42,140.0,1.0,,,
MistDynamicFogFallback,low,30,results\raw\MistDynamicFogFallback-low-seed30.sca,1,1,1.0,43.00000000000637,2.2755555555555556,20743.0,20726.0,1658176.0,17.0,141.5,746.0,0.0,0,26,0,,0.0,1776.42,140.0,1.0,,,
MistDynamicFogFallback,low,4,results\raw\MistDynamicFogFallback-low-seed4.sca,1,1,1.0,53.29999999999302,2.2755555555555556,22559.0,22541.0,1803376.0,18.0,141.5,566.0,0.0,0,26,0,,0.0,1776.42,140.0,1.0,,,
MistDynamicFogFallback,low,5,results\raw\MistDynamicFogFallback-low-seed5.sca,1,1,1.0,29.39999999999543,2.2755555555555556,21572.0,21556.0,1724576.0,16.0,141.0,446.0,0.0,0,26,0,,0.0,1776.42,140.0,1.0,,,
MistDynamicFogFallback,low,6,results\raw\MistDynamicFogFallback-low-seed6.sca,1,0,0.0,,0.0,,26550.0,2124000.0,2.0,,,,0,0,0,,,,,0.0,,,
MistDynamicFogFallback,low,7,results\raw\MistDynamicFogFallback-low-seed7.sca,1,1,1.0,33.50000000000364,2.2755555555555556,22568.0,22550.0,1804096.0,18.0,141.5,746.0,0.0,0,26,0,,0.0,1776.42,140.0,1.0,,,
MistDynamicFogFallback,low,8,results\raw\MistDynamicFogFallback-low-seed8.sca,1,1,1.0,56.60000000000309,2.2755555555555556,21897.0,21880.0,1750496.0,17.0,142.0,746.0,0.0,1,27,0,,0.5,1782.075,140.5,1.0,,,
MistDynamicFogFallback,low,9,results\raw\MistDynamicFogFallback-low-seed9.sca,1,1,1.0,40.99999999999682,2.2755555555555556,22584.0,22568.0,1805536.0,16.0,141.5,746.0,0.0,0,26,0,,0.0,1776.42,140.0,1.0,,,
MistDynamicFogFallback,medium,1,results\raw\MistDynamicFogFallback-medium-seed1.sca,1,1,1.0,33.00000000000125,2.2755555555555556,38904.0,38874.0,3110266.0,30.0,142.0,1126.65372277,0.0,0,26,1,1126.65372277,0.0,1776.42,140.0,1.0,0.326,0.0,0.80065372277
MistDynamicFogFallback,medium,10,results\raw\MistDynamicFogFallback-medium-seed10.sca,1,1,1.0,36.100000000004684,2.2755555555555556,40082.0,40054.0,3204416.0,28.0,141.5,506.0,0.0,0,26,0,,0.0,1776.42,140.0,1.0,,,
MistDynamicFogFallback,medium,11,results\raw\MistDynamicFogFallback-medium-seed11.sca,1,1,1.0,31.999999999996476,2.2755555555555556,40766.0,40736.0,3259195.0,30.0,142.0,1126.626622501,0.0,0,26,1,1126.626622501,0.0,1776.42,140.0,1.0,0.326,0.0,0.80062662250101
MistDynamicFogFallback,medium,12,results\raw\MistDynamicFogFallback-medium-seed12.sca,1,1,1.0,27.79999999999916,2.2755555555555556,39908.0,39878.0,3190336.0,30.0,141.5,766.00000000001,0.0,0,26,0,,0.0,1776.42,140.0,1.0,,,
MistDynamicFogFallback,medium,13,results\raw\MistDynamicFogFallback-medium-seed13.sca,1,1,1.0,33.799999999999386,2.2755555555555556,40137.0,40108.0,3208978.0,29.0,142.0,1126.6523799870001,0.0,0,26,1,1126.6523799870001,0.0,1776.42,140.0,1.0,0.326,0.0,0.80065237998699
MistDynamicFogFallback,medium,14,results\raw\MistDynamicFogFallback-medium-seed14.sca,1,1,1.0,44.70000000000596,2.2755555555555556,39581.0,39550.0,3164275.0,31.0,142.0,1126.553178511,0.0,0,26,1,1126.553178511,0.0,1776.42,140.0,1.0,0.326,0.0,0.800553178511
MistDynamicFogFallback,medium,15,results\raw\MistDynamicFogFallback-medium-seed15.sca,1,1,1.0,57.00000000000216,2.2755555555555556,38114.0,38086.0,3046976.0,28.0,141.5,566.0,0.0,0,26,0,,0.0,1776.42,140.0,1.0,,,
MistDynamicFogFallback,medium,16,results\raw\MistDynamicFogFallback-medium-seed16.sca,1,1,1.0,23.60000000000184,2.2755555555555556,38787.0,38757.0,3100844.0,30.0,142.0,1126.5670072409998,0.0,0,26,1,1126.5670072409998,0.0,1776.42,140.0,1.0,0.326,0.0,0.80056700724099
MistDynamicFogFallback,medium,17,results\raw\MistDynamicFogFallback-medium-seed17.sca,1,1,1.0,33.799999999999386,2.2755555555555556,40070.0,40040.0,3203481.0,30.0,142.0,1126.563464934,0.0,0,26,1,1126.563464934,0.0,1776.42,140.0,1.0,0.326,0.0,0.80056346493399
MistDynamicFogFallback,medium,18,results\raw\MistDynamicFogFallback-medium-seed18.sca,1,1,1.0,40.40000000000532,2.2755555555555556,39509.0,39482.0,3158656.0,27.0,144.0,746.0,0.0,1,27,0,,2.5,1786.9764863781,142.5,1.0,,,
MistDynamicFogFallback,medium,19,results\raw\MistDynamicFogFallback-medium-seed19.sca,1,1,1.0,49.70000000000141,2.2755555555555556,40111.0,40082.0,3206656.0,29.0,142.0,586.0,0.0,0,26,0,,0.5,1781.1161217988,140.5,1.0,,,
MistDynamicFogFallback,medium,2,results\raw\MistDynamicFogFallback-medium-seed2.sca,1,1,1.0,28.300000000001546,2.2755555555555556,39856.0,39827.0,3186453.0,29.0,142.0,1126.577620991,0.0,0,26,1,1126.577620991,0.0,1776.42,140.0,1.0,0.326,0.0,0.800577620991
MistDynamicFogFallback,medium,20,results\raw\MistDynamicFogFallback-medium-seed20.sca,1,1,1.0,43.89999999999361,2.2755555555555556,40336.0,40305.0,3224675.0,31.0,142.5,1126.557627263,0.0,1,27,1,1126.557627263,0.5,1782.075,140.5,1.0,0.326,0.0,0.800557627263
MistDynamicFogFallback,medium,21,results\raw\MistDynamicFogFallback-medium-seed21.sca,1,1,1.0,35.30000000000655,2.2755555555555556,37650.0,37622.0,3010069.0,28.0,142.0,1126.6085937050002,0.0,0,26,1,1126.6085937050002,0.0,1776.42,140.0,1.0,0.326,0.0,0.800608593705
MistDynamicFogFallback,medium,22,results\raw\MistDynamicFogFallback-medium-seed22.sca,1,1,1.0,41.600000000002524,2.2755555555555556,41540.0,41510.0,3321140.0,30.0,142.0,1126.6532746439998,0.0,0,26,1,1126.6532746439998,0.0,1776.3068361182,140.0,1.0,0.326,0.0,0.800653274644
MistDynamicFogFallback,medium,23,results\raw\MistDynamicFogFallback-medium-seed23.sca,1,1,1.0,29.09999999999968,2.2755555555555556,38449.0,38418.0,3073754.0,31.0,142.0,1126.6147708409999,0.0,0,26,1,1126.6147708409999,0.0,1776.42,140.0,1.0,0.326,0.0,0.80061477084099
MistDynamicFogFallback,medium,24,results\raw\MistDynamicFogFallback-medium-seed24.sca,1,1,1.0,44.30000000000689,2.2755555555555556,40561.0,40530.0,3242496.0,31.0,141.5,606.00000000001,0.0,0,26,0,,0.0,1776.42,140.0,1.0,,,
MistDynamicFogFallback,medium,25,results\raw\MistDynamicFogFallback-medium-seed25.sca,1,0,0.0,,0.0,,47405.0,3792400.0,2.0,,,,0,0,0,,,,,0.0,,,
MistDynamicFogFallback,medium,26,results\raw\MistDynamicFogFallback-medium-seed26.sca,1,1,1.0,39.00000000000148,2.2755555555555556,40637.0,40607.0,3248854.0,30.0,142.0,1126.582288269,0.0,0,26,1,1126.582288269,0.0,1776.42,140.0,1.0,0.326,0.0,0.80058228826899
MistDynamicFogFallback,medium,27,results\raw\MistDynamicFogFallback-medium-seed27.sca,1,1,1.0,28.300000000001546,2.2755555555555556,41187.0,41157.0,3292656.0,30.0,142.0,705.99999999999,0.0,1,27,0,,0.5,1782.075,140.5,1.0,,,
MistDynamicFogFallback,medium,28,results\raw\MistDynamicFogFallback-medium-seed28.sca,1,1,1.0,44.49999999999932,2.2755555555555556,40898.0,40868.0,3269735.0,30.0,142.0,1126.587999661,0.0,0,26,1,1126.587999661,0.0,1776.42,140.0,1.0,0.326,0.0,0.800587999661
MistDynamicFogFallback,medium,29,results\raw\MistDynamicFogFallback-medium-seed29.sca,1,1,1.0,28.300000000001546,2.2755555555555556,39768.0,39738.0,3179356.0,30.0,142.0,1126.615057129,0.0,0,26,1,1126.615057129,0.0,1776.42,140.0,1.0,0.326,0.0,0.800615057129
MistDynamicFogFallback,medium,3,results\raw\MistDynamicFogFallback-medium-seed3.sca,1,1,1.0,31.30000000000166,2.2755555555555556,40088.0,40060.0,3204896.0,28.0,141.5,666.0,0.0,0,26,0,,0.0,1776.42,140.0,1.0,,,
MistDynamicFogFallback,medium,30,results\raw\MistDynamicFogFallback-medium-seed30.sca,1,1,1.0,24.699999999995725,2.2755555555555556,38250.0,38220.0,3057932.0,30.0,142.0,1126.639580166,0.0,0,26,1,1126.639580166,0.0,1776.42,140.0,1.0,0.326,0.0,0.800639580166
MistDynamicFogFallback,medium,4,results\raw\MistDynamicFogFallback-medium-seed4.sca,1,1,1.0,38.79999999999484,2.2755555555555556,39956.0,39925.0,3194334.0,31.0,142.0,1126.633769603,0.0,0,26,1,1126.633769603,0.0,1776.42,140.0,1.0,0.326,0.0,0.800633769603
MistDynamicFogFallback,medium,5,results\raw\MistDynamicFogFallback-medium-seed5.sca,1,1,1.0,30.100000000004457,2.2755555555555556,39764.0,39736.0,3178976.0,28.0,139.0,726.0,0.0,1,26,0,,0.0,1786.22,137.5,1.0,,,
MistDynamicFogFallback,medium,6,results\raw\MistDynamicFogFallback-medium-seed6.sca,1,1,1.0,48.40000000000089,2.2755555555555556,41713.0,41683.0,3334736.0,30.0,141.5,666.0,0.0,0,26,0,,0.0,1776.42,140.0,1.0,,,
MistDynamicFogFallback,medium,7,results\raw\MistDynamicFogFallback-medium-seed7.sca,1,1,1.0,39.90000000000293,2.2755555555555556,40600.0,40570.0,3245932.0,30.0,142.0,1126.648058149,0.0,0,26,1,1126.648058149,0.0,1776.42,140.0,1.0,0.326,0.0,0.800648058149
MistDynamicFogFallback,medium,8,results\raw\MistDynamicFogFallback-medium-seed8.sca,1,1,1.0,31.800000000004047,2.2755555555555556,38466.0,38436.0,3074976.0,30.0,142.0,625.99999999999,0.0,1,27,0,,0.5,1782.075,140.5,1.0,,,
MistDynamicFogFallback,medium,9,results\raw\MistDynamicFogFallback-medium-seed9.sca,1,1,1.0,57.10000000000548,2.2755555555555556,41941.0,41913.0,3353365.0,28.0,142.0,1126.6271388639998,0.0,0,26,1,1126.6271388639998,0.0,1776.42,140.0,1.0,0.326,0.0,0.80062713886401
