density,config_A,config_B,metric,N_scheduled,n_pairs,mean_A,mean_B,mean_paired_diff,stddev_diff,se_diff,t_critical_95,ci95_lower,ci95_upper,t_statistic,p_value,cohen_dz,test_status
low,MistAStar,FogCloudAStar,ev_response_s,30,24,153.5,153.3125,0.1875,1.2922217133765161,0.26377365269312336,2.0686576104190486,-0.3581573740716606,0.7331573740716606,0.7108367271925342,0.4843321320994577,0.14509893933763973,not_significant
low,MistDynamicAStar,MistAStar,ev_response_s,30,24,153.02083333333334,153.5,-0.4791666666666667,2.291189014780159,0.4676869992067913,2.0686576104190486,-1.446650936869843,0.4883176035365097,-1.0245456202104082,0.3162333361856316,-0.20913449897656874,not_significant
low,MistDynamicFogFallback,MistDynamicAStar,ev_response_s,30,24,152.97916666666666,153.02083333333334,-0.041666666666666664,0.14116492564331998,0.02881516978367186,2.0686576104190486,-0.10127538693517647,0.017942053601843144,-1.4459976109624422,0.16166805648925678,-0.2951630263451236,not_significant
low,MistAStar,FogCloudAStar,route_decision_ms,30,24,588.499999999998,626.5385801005825,-38.03858010058456,417.8752023250999,85.29841848823146,2.0686576104190486,-214.49180266297347,138.41464246180433,-0.4459470735185167,0.6598053138966457,-0.09102856520064855,not_significant
low,MistDynamicFogFallback,MistDynamicAStar,route_decision_ms,30,24,471.99064945553914,588.499999999998,-116.50935054445874,185.47181642170736,37.85927599169474,2.0686576104190486,-194.82722994963325,-38.191471139284246,-3.077432082167066,0.0053245715882288035,-0.6281781932816756,statistically_significant
medium,MistAStar,FogCloudAStar,ev_response_s,30,29,154.72413793103448,154.51724137931035,0.20689655172413793,2.3280787656168886,0.4323133736840416,2.0484071417952454,-0.6786572504238496,1.0924503538721255,0.478580040124665,0.6359534218874056,0.08887008239573672,not_significant
medium,MistDynamicAStar,MistAStar,ev_response_s,30,29,154.1206896551724,154.72413793103448,-0.603448275862069,3.623778883846913,0.6729188453148122,2.0484071417952454,-1.9818600444535401,0.7749634927294022,-0.8967623362959277,0.3774916381060249,-0.16652458530291542,not_significant
medium,MistDynamicFogFallback,MistDynamicAStar,ev_response_s,30,29,153.89655172413794,154.1206896551724,-0.22413793103448276,1.7504397758469141,0.3250485061344556,2.0484071417952454,-0.8899696124301772,0.4416937503612117,-0.6895522569845887,0.49615126928608094,-0.12804663955150256,not_significant
medium,MistAStar,FogCloudAStar,route_decision_ms,30,29,574.2758620689631,626.5427008316537,-52.26683876269068,409.3745542131136,76.01894628568398,2.0484071417952454,-207.98459124603488,103.45091372065353,-0.6875501610646985,0.4973923895215849,-0.12767485967259568,not_significant
medium,MistDynamicFogFallback,MistDynamicAStar,route_decision_ms,30,29,464.09588362017104,574.2758620689631,-110.17997844879207,181.67171788033207,33.73559108899423,2.0484071417952454,-179.28420416817187,-41.07575272941226,-3.2659863038456374,0.0028798547062911725,-0.6064784311742353,statistically_significant
high,MistAStar,FogCloudAStar,ev_response_s,30,30,156.88333333333333,156.2,0.6833333333333333,2.527378815722115,0.46143412957723157,2.045229642132704,-0.26040542636972364,1.6270720930363902,1.4808903146358225,0.14941986723298062,0.27037234350565426,not_significant
high,MistDynamicAStar,MistAStar,ev_response_s,30,30,154.93333333333334,156.88333333333333,-1.95,4.064883253190547,0.7421427504658153,2.045229642132704,-3.46785235194658,-0.4321476480534199,-2.6275268454432217,0.013602534996809698,-0.4797185745665476,statistically_significant
high,MistDynamicFogFallback,MistDynamicAStar,ev_response_s,30,30,154.91666666666666,154.93333333333334,-0.016666666666666666,0.09128709291752768,0.016666666666666666,2.045229642132704,-0.0507538273688784,0.017420494035545065,-1.0,0.32558198801619365,-0.18257418583505539,not_significant
high,MistAStar,FogCloudAStar,route_decision_ms,30,30,566.0000000000014,626.539460082334,-60.53946008233266,404.7984180631775,73.905741605203,2.045229642132704,-211.69367353709407,90.61475337242877,-0.819144206761747,0.4193852825650407,-0.14955458663102822,not_significant
high,MistDynamicFogFallback,MistDynamicAStar,route_decision_ms,30,30,459.5012558552,566.0000000000014,-106.49874414480134,179.62735115291198,32.7953173904505,2.045229642132704,-173.57269939490084,-39.42478889470182,-3.2473765347918895,0.002939291312809749,-0.5928871269394925,statistically_significant
