scenario_condition,configuration,density,metric,n,mean,stddev,ci95_lower,ci95_upper,event_count
normal,FogCloudAStar,high,pdr,22,1.0,0.0,0.8513451253913791,1.0,
normal,FogCloudAStar,high,e2e_delay_ms,22,30.59467383099768,6.618754431949727,27.660082516206963,33.5292651457884,
normal,FogCloudAStar,high,throughput_bps,22,2.2755555555555556,0.0,2.2755555555555556,2.2755555555555556,
normal,FogCloudAStar,high,nrl,22,54365.818181818184,1166.2809690213155,53848.71816889514,54882.91819474123,
normal,FogCloudAStar,high,control_transmissions,22,54326.13636363636,1166.0602490133194,53809.134212482495,54843.138514790226,
normal,FogCloudAStar,high,control_bytes,22,4346435.545454546,93281.76957028903,4305076.725812005,4387794.365097087,
normal,FogCloudAStar,high,ev_response_s,22,156.54545454545453,5.358369267988276,154.16968670621054,158.92122238469852,
normal,FogCloudAStar,high,route_decision_ms,22,626.5392332717291,0.003926180982698415,626.5374925006021,626.5409740428562,
normal,FogCloudAStar,high,traffic_light_wait_s,22,0.45454545454545453,0.9116846116771036,0.13579545454545505,0.8636363636363636,
normal,FogCloudAStar,high,ev_delay_vs_freeflow_s,22,27.59417659409091,5.342119544584844,25.53793030134932,29.853833208261726,
normal,FogCloudAStar,high,ev_distance_m,22,1778.5227635239546,1.6139495971831315,1777.807178360749,1779.2383486871602,
normal,FogCloudAStar,high,ev_travel_s,22,155.54545454545453,5.358369267988276,153.16968670621054,157.92122238469852,
normal,MistAStar,high,pdr,22,1.0,0.0,0.8513451253913791,1.0,
normal,MistAStar,high,e2e_delay_ms,22,30.59467383099768,6.618754431949727,27.660082516206963,33.5292651457884,
normal,MistAStar,high,throughput_bps,22,2.2755555555555556,0.0,2.2755555555555556,2.2755555555555556,
normal,MistAStar,high,nrl,22,54250.09090909091,961.6089646346902,53823.73737915483,54676.44443902699,
normal,MistAStar,high,control_transmissions,22,54210.40909090909,961.298410588062,53784.193252923564,54636.62492889461,
normal,MistAStar,high,control_bytes,22,4337053.090909091,76903.27621661176,4302956.088401363,4371150.093416818,
normal,MistAStar,high,ev_response_s,22,156.97727272727272,5.564507578280812,154.510108281424,159.44443717312143,
normal,MistAStar,high,route_decision_ms,22,326.0000000000018,1.0069196063599812e-11,326.0000000000018,326.0000000000018,
normal,MistAStar,high,traffic_light_wait_s,22,0.4772727272727273,0.8793568094172003,0.1590909090909091,0.8636363636363636,
normal,MistAStar,high,ev_delay_vs_freeflow_s,22,28.49193973490975,5.553874335885679,26.31936645774854,30.838241300406043,
normal,MistAStar,high,ev_distance_m,22,1778.9961285938455,1.0670487436151614,1778.5230256848818,1779.4692315028092,
normal,MistAStar,high,ev_travel_s,22,156.47727272727272,5.564507578280812,154.010108281424,158.94443717312143,
normal,MistDynamicAStar,high,pdr,22,1.0,0.0,0.8513451253913791,1.0,
normal,MistDynamicAStar,high,e2e_delay_ms,22,30.59467383099768,6.618754431949727,27.660082516206963,33.5292651457884,
normal,MistDynamicAStar,high,throughput_bps,22,2.2755555555555556,0.0,2.2755555555555556,2.2755555555555556,
normal,MistDynamicAStar,high,nrl,22,54423.22727272727,1313.8342263995387,53840.70581049331,55005.748734961235,
normal,MistDynamicAStar,high,control_transmissions,22,54383.545454545456,1313.6393187402164,53801.11040952641,54965.9804995645,
normal,MistDynamicAStar,high,control_bytes,22,4351076.363636363,105086.90077515913,4304483.442040054,4397669.2852326725,
normal,MistDynamicAStar,high,ev_response_s,22,146.6590909090909,1.4090385411299473,146.03435821844366,147.28382359973816,
normal,MistDynamicAStar,high,route_decision_ms,22,326.0000000000018,1.0069196063599812e-11,326.0000000000018,326.0000000000018,
normal,MistDynamicAStar,high,traffic_light_wait_s,22,0.0,0.0,0.0,0.0,
normal,MistDynamicAStar,high,route_changes,22,0.18181818181818182,0.39477101697586137,0.0067865184350764385,0.3568498452012872,
normal,MistDynamicAStar,high,route_reviews,22,26.863636363636363,0.7101612523427369,26.54876850373119,27.178504223541537,
normal,MistDynamicAStar,high,ev_delay_vs_freeflow_s,22,18.142973481797583,1.5012979596915443,17.49622611876493,18.73126502921334,
normal,MistDynamicAStar,high,ev_distance_m,22,1779.4240322393773,2.415150718261164,1778.3532143997688,1780.4948500789858,
normal,MistDynamicAStar,high,ev_travel_s,22,146.1590909090909,1.4090385411299473,145.53435821844366,146.78382359973816,
normal,MistDynamicFogFallback,high,pdr,22,1.0,0.0,0.8513451253913791,1.0,
normal,MistDynamicFogFallback,high,e2e_delay_ms,22,30.59467383099768,6.618754431949727,27.660082516206963,33.5292651457884,
normal,MistDynamicFogFallback,high,throughput_bps,22,2.2755555555555556,0.0,2.2755555555555556,2.2755555555555556,
normal,MistDynamicFogFallback,high,nrl,22,54423.22727272727,1313.8342263995387,53840.70581049331,55005.748734961235,
normal,MistDynamicFogFallback,high,control_transmissions,22,54383.545454545456,1313.6393187402164,53801.11040952641,54965.9804995645,
normal,MistDynamicFogFallback,high,control_bytes,22,4351076.363636363,105086.90077515913,4304483.442040054,4397669.2852326725,
normal,MistDynamicFogFallback,high,ev_response_s,22,146.6590909090909,1.4090385411299473,146.03435821844366,147.28382359973816,
normal,MistDynamicFogFallback,high,route_decision_ms,22,326.0000000000018,1.0069196063599812e-11,326.0000000000018,326.0000000000018,
normal,MistDynamicFogFallback,high,traffic_light_wait_s,22,0.0,0.0,0.0,0.0,
normal,MistDynamicFogFallback,high,route_changes,22,0.18181818181818182,0.39477101697586137,0.0067865184350764385,0.3568498452012872,
normal,MistDynamicFogFallback,high,route_reviews,22,26.863636363636363,0.7101612523427369,26.54876850373119,27.178504223541537,
normal,MistDynamicFogFallback,high,fallback_triggered,22,0.0,0.0,0.0,0.14865487460862087,0
normal,MistDynamicFogFallback,high,ev_delay_vs_freeflow_s,22,18.142973481797583,1.5012979596915443,17.49622611876493,18.73126502921334,
normal,MistDynamicFogFallback,high,ev_distance_m,22,1779.4240322393773,2.415150718261164,1778.3532143997688,1780.4948500789858,
normal,MistDynamicFogFallback,high,ev_travel_s,22,146.1590909090909,1.4090385411299473,145.53435821844366,146.78382359973816,
normal,NoPreemptionBaseline,high,traffic_light_wait_s,22,23.068181818181817,15.801066460802616,17.49943181818182,30.181818181818183,
normal,FogCloudAStar,low,pdr,22,0.7727272727272727,0.42893202722888857,0.5656004682477829,0.8987696001475147,
normal,FogCloudAStar,low,e2e_delay_ms,17,43.62303245399935,9.761079779176328,38.60434832875396,48.64171657924474,
normal,FogCloudAStar,low,throughput_bps,22,1.7583838383838384,0.9760586575164042,1.3256236735335822,2.1911440032340943,
normal,FogCloudAStar,low,nrl,17,21959.647058823528,809.3315869574466,21543.527154119118,22375.766963527938,
normal,FogCloudAStar,low,control_transmissions,22,22727.772727272728,1736.1707435184337,21957.997743579595,23497.54771096586,
normal,FogCloudAStar,low,control_bytes,22,1818481.3181818181,138770.54948483309,1756953.9034010035,1880008.7329626328,
normal,FogCloudAStar,low,ev_response_s,17,153.41176470588235,1.4057392863459677,152.6890002576633,154.1345291541014,
normal,FogCloudAStar,low,route_decision_ms,17,626.5386699093517,0.004224569573994411,626.536497836104,626.5408419825994,
normal,FogCloudAStar,low,traffic_light_wait_s,17,1.3823529411764706,1.0684306798510883,0.8823529411764706,1.8823529411764706,
normal,FogCloudAStar,low,ev_delay_vs_freeflow_s,17,24.424669934142198,1.3733548642221678,23.839106063902,25.100569586833398,
normal,FogCloudAStar,low,ev_distance_m,17,1779.0206173271883,1.6927118972544533,1778.1503051773493,1779.8909294770274,
normal,FogCloudAStar,low,ev_travel_s,17,152.41176470588235,1.4057392863459677,151.6890002576633,153.1345291541014,
normal,MistAStar,low,pdr,22,0.7727272727272727,0.42893202722888857,0.5656004682477829,0.8987696001475147,
normal,MistAStar,low,e2e_delay_ms,17,43.62303245399935,9.761079779176328,38.60434832875396,48.64171657924474,
normal,MistAStar,low,throughput_bps,22,1.7583838383838384,0.9760586575164042,1.3256236735335822,2.1911440032340943,
normal,MistAStar,low,nrl,17,21978.764705882353,806.690347144721,21564.002801380684,22393.526610384022,
normal,MistAStar,low,control_transmissions,22,22742.545454545456,1728.2348475573822,21976.28905000522,23508.801859085692,
normal,MistAStar,low,control_bytes,22,1819567.2727272727,138181.5123607461,1758301.0223764435,1880833.523078102,
normal,MistAStar,low,ev_response_s,17,153.64705882352942,2.415863625874509,152.40493636349177,154.88918128356707,
normal,MistAStar,low,route_decision_ms,17,325.99999999999704,9.856219574050154e-12,325.99999999999704,325.99999999999704,
normal,MistAStar,low,traffic_light_wait_s,17,1.8823529411764706,1.293365423090883,1.2647058823529411,2.4705882352941178,
normal,MistAStar,low,ev_delay_vs_freeflow_s,17,25.18497493802243,2.415477571478557,24.304757488898847,26.478450646749437,
normal,MistAStar,low,ev_distance_m,17,1778.672966008547,1.50761953691689,1777.897819569013,1779.448112448081,
normal,MistAStar,low,ev_travel_s,17,153.14705882352942,2.415863625874509,151.90493636349177,154.38918128356707,
normal,MistDynamicAStar,low,pdr,22,0.7727272727272727,0.42893202722888857,0.5656004682477829,0.8987696001475147,
normal,MistDynamicAStar,low,e2e_delay_ms,17,43.62303245399935,9.761079779176328,38.60434832875396,48.64171657924474,
normal,MistDynamicAStar,low,throughput_bps,22,1.7583838383838384,0.9760586575164042,1.3256236735335822,2.1911440032340943,
normal,MistDynamicAStar,low,nrl,17,21982.470588235294,781.7948194417013,21580.508782954133,22384.432393516454,
normal,MistDynamicAStar,low,control_transmissions,22,22745.409090909092,1718.1282910991613,21983.63368247011,23507.184499348074,
normal,MistDynamicAStar,low,control_bytes,22,1819937.4545454546,137306.59046809818,1759059.1228300247,1880815.7862608845,
normal,MistDynamicAStar,low,ev_response_s,17,146.94117647058823,0.747545001596402,146.55682429672095,147.32552864445552,
normal,MistDynamicAStar,low,route_decision_ms,17,325.99999999999704,9.856219574050154e-12,325.99999999999704,325.99999999999704,
normal,MistDynamicAStar,low,traffic_light_wait_s,17,0.0,0.0,0.0,0.0,
normal,MistDynamicAStar,low,route_changes,22,0.13636363636363635,0.35125008665710444,-0.01937192751341532,0.29209920024068803,
normal,MistDynamicAStar,low,route_reviews,22,20.863636363636363,11.597600139870705,15.721548529316376,26.00572419795635,
normal,MistDynamicAStar,low,ev_delay_vs_freeflow_s,17,18.463081795758363,0.7498782714853021,18.181983991863643,18.86806276362429,
normal,MistDynamicAStar,low,ev_distance_m,17,1778.8955159801353,1.7853467053271221,1777.9775754068803,1779.8134565533903,
normal,MistDynamicAStar,low,ev_travel_s,17,146.44117647058823,0.747545001596402,146.05682429672095,146.82552864445552,
normal,MistDynamicFogFallback,low,pdr,22,0.7727272727272727,0.42893202722888857,0.5656004682477829,0.8987696001475147,
normal,MistDynamicFogFallback,low,e2e_delay_ms,17,43.62303245399935,9.761079779176328,38.60434832875396,48.64171657924474,
normal,MistDynamicFogFallback,low,throughput_bps,22,1.7583838383838384,0.9760586575164042,1.3256236735335822,2.1911440032340943,
normal,MistDynamicFogFallback,low,nrl,17,21982.470588235294,781.7948194417013,21580.508782954133,22384.432393516454,
normal,MistDynamicFogFallback,low,control_transmissions,22,22745.409090909092,1718.1282910991613,21983.63368247011,23507.184499348074,
normal,MistDynamicFogFallback,low,control_bytes,22,1819937.4545454546,137306.59046809818,1759059.1228300247,1880815.7862608845,
normal,MistDynamicFogFallback,low,ev_response_s,17,146.94117647058823,0.747545001596402,146.55682429672095,147.32552864445552,
normal,MistDynamicFogFallback,low,route_decision_ms,17,325.99999999999704,9.856219574050154e-12,325.99999999999704,325.99999999999704,
normal,MistDynamicFogFallback,low,traffic_light_wait_s,17,0.0,0.0,0.0,0.0,
normal,MistDynamicFogFallback,low,route_changes,22,0.13636363636363635,0.35125008665710444,-0.01937192751341532,0.29209920024068803,
normal,MistDynamicFogFallback,low,route_reviews,22,20.863636363636363,11.597600139870705,15.721548529316376,26.00572419795635,
normal,MistDynamicFogFallback,low,fallback_triggered,22,0.0,0.0,0.0,0.14865487460862087,0
normal,MistDynamicFogFallback,low,ev_delay_vs_freeflow_s,17,18.463081795758363,0.7498782714853021,18.181983991863643,18.86806276362429,
normal,MistDynamicFogFallback,low,ev_distance_m,17,1778.8955159801353,1.7853467053271221,1777.9775754068803,1779.8134565533903,
normal,MistDynamicFogFallback,low,ev_travel_s,17,146.44117647058823,0.747545001596402,146.05682429672095,146.82552864445552,
normal,NoPreemptionBaseline,low,traffic_light_wait_s,17,26.794117647058822,5.135838610713359,24.205882352941178,28.883088235294107,
normal,FogCloudAStar,medium,pdr,22,0.9545454545454546,0.21320071635561044,0.7820195416134267,0.991930572378736,
normal,FogCloudAStar,medium,e2e_delay_ms,21,37.05476611266748,9.14638158981488,32.89138312870498,41.21814909662998,
normal,FogCloudAStar,medium,throughput_bps,22,2.172121212121212,0.4851500745514335,1.9570177194948337,2.38722470474759,
normal,FogCloudAStar,medium,nrl,21,39655.09523809524,1157.260035807074,39128.316785459465,40181.87369073101,
normal,FogCloudAStar,medium,control_transmissions,22,39978.90909090909,2006.5211521933015,39089.267451124644,40868.55073069353,
normal,FogCloudAStar,medium,control_bytes,22,3198633.5,160463.22856795692,3127488.090128661,3269778.909871339,
normal,FogCloudAStar,medium,ev_response_s,21,154.76190476190476,3.9579636418840676,152.9602613124217,156.56354821138783,
normal,FogCloudAStar,medium,route_decision_ms,21,626.5436774441418,0.020774709286107224,626.5342209098513,626.5531339784324,
normal,FogCloudAStar,medium,traffic_light_wait_s,21,0.9523809523809523,1.1822093924593255,0.47619047619047616,1.4523809523809523,
normal,FogCloudAStar,medium,ev_delay_vs_freeflow_s,21,25.81421862574512,3.937743804924201,24.25762500796993,27.49569981590366,
normal,FogCloudAStar,medium,ev_distance_m,21,1778.472837292619,1.194652690875813,1777.9290379074637,1779.0166366777744,
normal,FogCloudAStar,medium,ev_travel_s,21,153.76190476190476,3.9579636418840676,151.9602613124217,155.56354821138783,
normal,MistAStar,medium,pdr,22,0.9545454545454546,0.21320071635561044,0.7820195416134267,0.991930572378736,
normal,MistAStar,medium,e2e_delay_ms,21,37.05476611266748,9.14638158981488,32.89138312870498,41.21814909662998,
normal,MistAStar,medium,throughput_bps,22,2.172121212121212,0.4851500745514335,1.9570177194948337,2.38722470474759,
normal,MistAStar,medium,nrl,21,39635.57142857143,1180.15992862953,39098.36906969739,40172.77378744546,
normal,MistAStar,medium,control_transmissions,22,39960.27272727273,2022.561652055046,39063.51912827252,40857.026326272935,
normal,MistAStar,medium,control_bytes,22,3197024.727272727,161767.4895145092,3125301.040493652,3268748.414051802,
normal,MistAStar,medium,ev_response_s,21,155.04761904761904,3.5316595316676618,153.4400269025824,156.65521119265568,
normal,MistAStar,medium,route_decision_ms,21,325.99999999999665,9.665208939506788e-12,325.99999999999665,325.99999999999665,
normal,MistAStar,medium,traffic_light_wait_s,21,1.119047619047619,1.2540410868943042,0.5952380952380952,1.6428571428571428,
normal,MistAStar,medium,ev_delay_vs_freeflow_s,21,26.571716652118877,3.5480120560139645,25.254747204331217,28.171268244689536,
normal,MistAStar,medium,ev_distance_m,21,1778.8650432974523,1.4530801432282043,1778.2036091463353,1779.5264774485693,
normal,MistAStar,medium,ev_travel_s,21,154.54761904761904,3.5316595316676618,152.9400269025824,156.15521119265568,
normal,MistDynamicAStar,medium,pdr,22,0.9545454545454546,0.21320071635561044,0.7820195416134267,0.991930572378736,
normal,MistDynamicAStar,medium,e2e_delay_ms,21,37.05476611266748,9.14638158981488,32.89138312870498,41.21814909662998,
normal,MistDynamicAStar,medium,throughput_bps,22,2.172121212121212,0.4851500745514335,1.9570177194948337,2.38722470474759,
normal,MistDynamicAStar,medium,nrl,21,39815.19047619047,1098.454351306763,39315.180050211435,40315.20090216951,
normal,MistDynamicAStar,medium,control_transmissions,22,40131.72727272727,1946.188416019721,39268.835669583845,40994.6188758707,
normal,MistDynamicAStar,medium,control_bytes,22,3210915.6363636362,155622.8956048335,3141916.3099012407,3279914.9628260317,
normal,MistDynamicAStar,medium,ev_response_s,21,147.54761904761904,2.747293039997562,146.2970662489668,148.7981718462713,
normal,MistDynamicAStar,medium,route_decision_ms,21,325.99999999999665,9.665208939506788e-12,325.99999999999665,325.99999999999665,
normal,MistDynamicAStar,medium,traffic_light_wait_s,21,0.0,0.0,0.0,0.0,
normal,MistDynamicAStar,medium,route_changes,22,0.2727272727272727,0.4558423058385518,0.07061811678538496,0.4748364286691604,
normal,MistDynamicAStar,medium,route_reviews,22,25.818181818181817,5.852442417579369,23.22335421647519,28.413009419888443,
normal,MistDynamicAStar,medium,ev_delay_vs_freeflow_s,21,19.019972717409047,2.782273531742348,18.020499891424567,20.350267688993153,
normal,MistDynamicAStar,medium,ev_distance_m,21,1779.584283989919,2.740174146317429,1778.3369716728191,1780.8315963070188,
normal,MistDynamicAStar,medium,ev_travel_s,21,147.04761904761904,2.747293039997562,145.7970662489668,148.2981718462713,
normal,MistDynamicFogFallback,medium,pdr,22,0.9545454545454546,0.21320071635561044,0.7820195416134267,0.991930572378736,
normal,MistDynamicFogFallback,medium,e2e_delay_ms,21,37.05476611266748,9.14638158981488,32.89138312870498,41.21814909662998,
normal,MistDynamicFogFallback,medium,throughput_bps,22,2.172121212121212,0.4851500745514335,1.9570177194948337,2.38722470474759,
normal,MistDynamicFogFallback,medium,nrl,21,39815.19047619047,1098.454351306763,39315.180050211435,40315.20090216951,
normal,MistDynamicFogFallback,medium,control_transmissions,22,40131.72727272727,1946.188416019721,39268.835669583845,40994.6188758707,
normal,MistDynamicFogFallback,medium,control_bytes,22,3210915.6363636362,155622.8956048335,3141916.3099012407,3279914.9628260317,
normal,MistDynamicFogFallback,medium,ev_response_s,21,147.54761904761904,2.747293039997562,146.2970662489668,148.7981718462713,
normal,MistDynamicFogFallback,medium,route_decision_ms,21,325.99999999999665,9.665208939506788e-12,325.99999999999665,325.99999999999665,
normal,MistDynamicFogFallback,medium,traffic_light_wait_s,21,0.0,0.0,0.0,0.0,
normal,MistDynamicFogFallback,medium,route_changes,22,0.2727272727272727,0.4558423058385518,0.07061811678538496,0.4748364286691604,
normal,MistDynamicFogFallback,medium,route_reviews,22,25.818181818181817,5.852442417579369,23.22335421647519,28.413009419888443,
normal,MistDynamicFogFallback,medium,fallback_triggered,22,0.0,0.0,0.0,0.14865487460862087,0
normal,MistDynamicFogFallback,medium,ev_delay_vs_freeflow_s,21,19.019972717409047,2.782273531742348,18.020499891424567,20.350267688993153,
normal,MistDynamicFogFallback,medium,ev_distance_m,21,1779.584283989919,2.740174146317429,1778.3369716728191,1780.8315963070188,
normal,MistDynamicFogFallback,medium,ev_travel_s,21,147.04761904761904,2.747293039997562,145.7970662489668,148.2981718462713,
normal,NoPreemptionBaseline,medium,traffic_light_wait_s,21,29.952380952380906,23.06507357559504,21.904761904761905,40.92857142857133,
controlled_stall,FogCloudAStar,high,pdr,8,1.0,0.0,0.6755924351161198,1.0,
controlled_stall,FogCloudAStar,high,e2e_delay_ms,8,36.50693269362475,9.837748675575927,28.28236897910829,44.731496408141204,
controlled_stall,FogCloudAStar,high,throughput_bps,8,2.2755555555555556,0.0,2.2755555555555556,2.2755555555555556,
controlled_stall,FogCloudAStar,high,nrl,8,54629.375,1306.8983934163687,53536.78060065966,55721.96939934034,
controlled_stall,FogCloudAStar,high,control_transmissions,8,54591.0,1307.113176868345,53498.226037200184,55683.773962799816,
controlled_stall,FogCloudAStar,high,control_bytes,8,4367617.0,104571.8295199183,4280192.762708253,4455041.237291747,
controlled_stall,FogCloudAStar,high,ev_response_s,8,155.25,4.935295620035628,151.12398960722274,159.37601039277726,
controlled_stall,FogCloudAStar,high,route_decision_ms,8,626.5400838114975,0.003762539780173659,626.5369382495229,626.5432293734722,
controlled_stall,FogCloudAStar,high,traffic_light_wait_s,8,1.25,1.2535663410560174,0.4375,2.0625,
controlled_stall,FogCloudAStar,high,ev_delay_vs_freeflow_s,8,26.324015211043168,4.833019116869809,24.03477482488759,29.80620061556945,
controlled_stall,FogCloudAStar,high,ev_distance_m,8,1778.1711885665,1.527155680864435,1776.8944544667115,1779.4479226662884,
controlled_stall,FogCloudAStar,high,ev_travel_s,8,154.25,4.935295620035628,150.12398960722274,158.37601039277726,
controlled_stall,MistAStar,high,pdr,8,1.0,0.0,0.6755924351161198,1.0,
controlled_stall,MistAStar,high,e2e_delay_ms,8,36.50693269362475,9.837748675575927,28.28236897910829,44.731496408141204,
controlled_stall,MistAStar,high,throughput_bps,8,2.2755555555555556,0.0,2.2755555555555556,2.2755555555555556,
controlled_stall,MistAStar,high,nrl,8,54438.25,1275.0004761903872,53372.32292681699,55504.17707318301,
controlled_stall,MistAStar,high,control_transmissions,8,54399.875,1275.3124477106442,53333.687112099105,55466.062887900895,
controlled_stall,MistAStar,high,control_bytes,8,4352210.0,102038.64184569631,4266903.560602317,4437516.439397683,
controlled_stall,MistAStar,high,ev_response_s,8,156.625,6.885543862739841,150.86854127395043,162.38145872604957,
controlled_stall,MistAStar,high,route_decision_ms,8,1226.0,0.0,1226.0,1226.0,
controlled_stall,MistAStar,high,traffic_light_wait_s,8,1.375,1.3822858914545448,0.5,2.25,
controlled_stall,MistAStar,high,ev_delay_vs_freeflow_s,8,27.2207375272545,6.855397304017176,23.51630050078988,31.98180991784713,
controlled_stall,MistAStar,high,ev_distance_m,8,1777.8692483711625,1.0589721484887291,1776.9839254996027,1778.7545712427222,
controlled_stall,MistAStar,high,ev_travel_s,8,155.125,6.885543862739841,149.36854127395043,160.88145872604957,
controlled_stall,MistDynamicAStar,high,pdr,8,1.0,0.0,0.6755924351161198,1.0,
controlled_stall,MistDynamicAStar,high,e2e_delay_ms,8,36.50693269362475,9.837748675575927,28.28236897910829,44.731496408141204,
controlled_stall,MistDynamicAStar,high,throughput_bps,8,2.2755555555555556,0.0,2.2755555555555556,2.2755555555555556,
controlled_stall,MistDynamicAStar,high,nrl,8,54769.0,1838.2982814082625,53232.14417654675,56305.85582345325,
controlled_stall,MistDynamicAStar,high,control_transmissions,8,54730.625,1838.554707022417,53193.554799368474,56267.695200631526,
controlled_stall,MistDynamicAStar,high,control_bytes,8,4378846.0,147096.32757579544,4255870.392651738,4501821.607348262,
controlled_stall,MistDynamicAStar,high,ev_response_s,8,149.875,7.414994461032514,143.6759094968084,156.0740905031916,
controlled_stall,MistDynamicAStar,high,route_decision_ms,8,1226.0,0.0,1226.0,1226.0,
controlled_stall,MistDynamicAStar,high,traffic_light_wait_s,8,1.5,4.242640687119285,0.0,4.5,
controlled_stall,MistDynamicAStar,high,route_changes,8,0.25,0.4629100498862757,-0.1370024865375798,0.6370024865375798,
controlled_stall,MistDynamicAStar,high,route_reviews,8,27.0,1.6903085094570331,25.586866722085187,28.413133277914813,
controlled_stall,MistDynamicAStar,high,ev_delay_vs_freeflow_s,8,20.364225075064752,7.246823433177822,17.08531598657867,25.733127306839215,
controlled_stall,MistDynamicAStar,high,ev_distance_m,8,1779.3497714566,3.2291129195493187,1776.6501654975518,1782.049377415648,
controlled_stall,MistDynamicAStar,high,ev_travel_s,8,148.375,7.414994461032514,142.1759094968084,154.5740905031916,
controlled_stall,MistDynamicFogFallback,high,pdr,8,1.0,0.0,0.6755924351161198,1.0,
controlled_stall,MistDynamicFogFallback,high,e2e_delay_ms,8,36.50693269362475,9.837748675575927,28.28236897910829,44.731496408141204,
controlled_stall,MistDynamicFogFallback,high,throughput_bps,8,2.2755555555555556,0.0,2.2755555555555556,2.2755555555555556,
controlled_stall,MistDynamicFogFallback,high,nrl,8,54755.375,1774.5571630691416,53271.80808504633,56238.94191495367,
controlled_stall,MistDynamicFogFallback,high,control_transmissions,8,54717.0,1775.0497779740472,53233.02124867952,56200.97875132048,
controlled_stall,MistDynamicFogFallback,high,control_bytes,8,4377967.625,142009.64748408317,4259244.588630047,4496690.661369953,
controlled_stall,MistDynamicFogFallback,high,ev_response_s,8,146.9375,1.4500615750472707,145.72521818560915,148.14978181439085,
controlled_stall,MistDynamicFogFallback,high,route_decision_ms,8,826.629709456995,0.04865255381215642,826.5890349041173,826.6703840098727,
controlled_stall,MistDynamicFogFallback,high,traffic_light_wait_s,8,0.0,0.0,0.0,0.0,
controlled_stall,MistDynamicFogFallback,high,route_changes,8,0.25,0.4629100498862757,-0.1370024865375798,0.6370024865375798,
controlled_stall,MistDynamicFogFallback,high,route_reviews,8,26.5,0.5345224838248488,26.053128020440948,26.946871979559052,
controlled_stall,MistDynamicFogFallback,high,fallback_triggered,8,1.0,0.0,0.6755924351161198,1.0,8
controlled_stall,MistDynamicFogFallback,high,fallback_decision_ms,8,826.629709456995,0.04865255381215642,826.5890349041173,826.6703840098727,
controlled_stall,MistDynamicFogFallback,high,ev_delay_vs_freeflow_s,8,17.978637293312953,1.510325327582127,16.85771814803868,18.68049931322752,
controlled_stall,MistDynamicFogFallback,high,ev_distance_m,8,1778.62819162295,1.913621134507126,1777.0283643184293,1780.2280189274707,
controlled_stall,MistDynamicFogFallback,high,ev_travel_s,8,145.9375,1.4500615750472707,144.72521818560915,147.14978181439085,
controlled_stall,NoPreemptionBaseline,high,traffic_light_wait_s,8,21.75,9.486832980505138,16.125,28.375,
controlled_stall,FogCloudAStar,low,pdr,8,0.875,0.3535533905932738,0.5291118177871464,0.9775825085499433,
controlled_stall,FogCloudAStar,low,e2e_delay_ms,7,46.170971042286574,9.527775202813409,37.3592486550345,54.98269342953865,
controlled_stall,FogCloudAStar,low,throughput_bps,8,1.991111111111111,0.8045303821500274,1.3185068795469415,2.663715342675281,
controlled_stall,FogCloudAStar,low,nrl,7,22229.0,677.5138374970654,21602.404207964195,22855.595792035805,
controlled_stall,FogCloudAStar,low,control_transmissions,8,22480.75,985.4624367705318,21656.88278537964,23304.61721462036,
controlled_stall,FogCloudAStar,low,control_bytes,8,1798753.375,78742.92579915172,1732922.6416015732,1864584.1083984268,
controlled_stall,FogCloudAStar,low,ev_response_s,7,153.07142857142858,0.8864052604279183,152.25164043503509,153.89121670782208,
controlled_stall,FogCloudAStar,low,route_decision_ms,7,626.5383619935714,0.003768412727758519,626.5348767930822,626.5418471940606,
controlled_stall,FogCloudAStar,low,traffic_light_wait_s,7,2.0,1.0,1.2857142857142858,2.642857142857143,
controlled_stall,FogCloudAStar,low,ev_delay_vs_freeflow_s,7,24.107536473541625,0.8835739358529768,23.652794315058582,24.785359560283666,
controlled_stall,FogCloudAStar,low,ev_distance_m,7,1778.6981001606287,1.858367059269035,1776.9793972870493,1780.416803034208,
controlled_stall,FogCloudAStar,low,ev_travel_s,7,152.07142857142858,0.8864052604279183,151.25164043503509,152.89121670782208,
controlled_stall,MistAStar,low,pdr,8,0.875,0.3535533905932738,0.5291118177871464,0.9775825085499433,
controlled_stall,MistAStar,low,e2e_delay_ms,7,46.170971042286574,9.527775202813409,37.3592486550345,54.98269342953865,
controlled_stall,MistAStar,low,throughput_bps,8,1.991111111111111,0.8045303821500274,1.3185068795469415,2.663715342675281,
controlled_stall,MistAStar,low,nrl,7,22182.714285714286,654.7260786735458,21577.19365554011,22788.23491588846,
controlled_stall,MistAStar,low,control_transmissions,8,22440.25,985.0056925143704,21616.764633133625,23263.735366866375,
controlled_stall,MistAStar,low,control_bytes,8,1795404.0,78739.30297597799,1729576.2953575419,1861231.7046424581,
controlled_stall,MistAStar,low,ev_response_s,7,153.14285714285714,0.8521681032463467,152.3547330957175,153.93098118999677,
controlled_stall,MistAStar,low,route_decision_ms,7,1226.0,0.0,1226.0,1226.0,
controlled_stall,MistAStar,low,traffic_light_wait_s,7,1.7142857142857142,0.7559289460184545,1.2142857142857142,2.2142857142857144,
controlled_stall,MistAStar,low,ev_delay_vs_freeflow_s,7,23.635004018242558,0.8532783628206893,23.209237259540398,24.289168795895176,
controlled_stall,MistAStar,low,ev_distance_m,7,1779.3091584321428,1.5303789298887547,1777.8937939855196,1780.724522878766,
controlled_stall,MistAStar,low,ev_travel_s,7,151.64285714285714,0.8521681032463467,150.8547330957175,152.43098118999677,
controlled_stall,MistDynamicAStar,low,pdr,8,0.875,0.3535533905932738,0.5291118177871464,0.9775825085499433,
controlled_stall,MistDynamicAStar,low,e2e_delay_ms,7,46.170971042286574,9.527775202813409,37.3592486550345,54.98269342953865,
controlled_stall,MistDynamicAStar,low,throughput_bps,8,1.991111111111111,0.8045303821500274,1.3185068795469415,2.663715342675281,
controlled_stall,MistDynamicAStar,low,nrl,7,22246.14285714286,770.1275713740395,21533.893647095076,22958.39206719064,
controlled_stall,MistDynamicAStar,low,control_transmissions,8,22495.75,1037.7171029304113,21628.196791217204,23363.303208782796,
controlled_stall,MistDynamicAStar,low,control_bytes,8,1800000.0,82916.94267673611,1730679.701164677,1869320.298835323,
controlled_stall,MistDynamicAStar,low,ev_response_s,7,147.71428571428572,0.2672612419124244,147.46711029101283,147.96146113755862,
controlled_stall,MistDynamicAStar,low,route_decision_ms,7,1226.0,0.0,1226.0,1226.0,
controlled_stall,MistDynamicAStar,low,traffic_light_wait_s,7,0.0,0.0,0.0,0.0,
controlled_stall,MistDynamicAStar,low,route_changes,8,0.0,0.0,0.0,0.0,
controlled_stall,MistDynamicAStar,low,route_reviews,8,23.0,9.304376850247875,15.221346290465622,30.778653709534378,
controlled_stall,MistDynamicAStar,low,ev_delay_vs_freeflow_s,7,18.363822917506685,0.31140368121530404,18.164830671856038,18.587396328589058,
controlled_stall,MistDynamicAStar,low,ev_distance_m,7,1777.1214328752285,0.9783011511575812,1776.2166552150059,1778.0262105354511,
controlled_stall,MistDynamicAStar,low,ev_travel_s,7,146.21428571428572,0.2672612419124244,145.96711029101283,146.46146113755862,
controlled_stall,MistDynamicFogFallback,low,pdr,8,0.875,0.3535533905932738,0.5291118177871464,0.9775825085499433,
controlled_stall,MistDynamicFogFallback,low,e2e_delay_ms,7,46.170971042286574,9.527775202813409,37.3592486550345,54.98269342953865,
controlled_stall,MistDynamicFogFallback,low,throughput_bps,8,1.991111111111111,0.8045303821500274,1.3185068795469415,2.663715342675281,
controlled_stall,MistDynamicFogFallback,low,nrl,7,22255.285714285714,756.3594194750082,21555.76992098395,22954.80150758748,
controlled_stall,MistDynamicFogFallback,low,control_transmissions,8,22503.75,1026.6312107359404,21645.464829026714,23362.035170973286,
controlled_stall,MistDynamicFogFallback,low,control_bytes,8,1800782.75,81988.0192741598,1732239.0505638225,1869326.4494361775,
controlled_stall,MistDynamicFogFallback,low,ev_response_s,7,147.5,0.408248290463863,147.12243330430638,147.87756669569362,
controlled_stall,MistDynamicFogFallback,low,route_decision_ms,7,826.5393695618558,0.014424359258831709,826.526029254523,826.5527098691886,
controlled_stall,MistDynamicFogFallback,low,traffic_light_wait_s,7,0.0,0.0,0.0,0.0,
controlled_stall,MistDynamicFogFallback,low,route_changes,8,0.0,0.0,0.0,0.0,
controlled_stall,MistDynamicFogFallback,low,route_reviews,8,23.25,9.40744386111339,15.385180113052215,31.114819886947785,
controlled_stall,MistDynamicFogFallback,low,fallback_triggered,8,0.875,0.3535533905932738,0.5291118177871464,0.9775825085499433,7
controlled_stall,MistDynamicFogFallback,low,fallback_decision_ms,7,826.5393695618558,0.014424359258831709,826.526029254523,826.5527098691886,
controlled_stall,MistDynamicFogFallback,low,ev_delay_vs_freeflow_s,7,18.617622969504627,0.4070930008905296,18.336148914079136,18.897227844646455,
controlled_stall,MistDynamicFogFallback,low,ev_distance_m,7,1777.5650407238857,0.87966027212949,1776.7514906612423,1778.378590786529,
controlled_stall,MistDynamicFogFallback,low,ev_travel_s,7,146.5,0.408248290463863,146.12243330430638,146.87756669569362,
controlled_stall,NoPreemptionBaseline,low,traffic_light_wait_s,7,25.071428571428573,5.110679760956229,21.214285714285715,28.071428571428573,
controlled_stall,FogCloudAStar,medium,pdr,8,1.0,0.0,0.6755924351161198,1.0,
controlled_stall,FogCloudAStar,medium,e2e_delay_ms,8,37.30309697999875,8.964335039191248,29.80872533873657,44.797468621260926,
controlled_stall,FogCloudAStar,medium,throughput_bps,8,2.2755555555555556,0.0,2.2755555555555556,2.2755555555555556,
controlled_stall,FogCloudAStar,medium,nrl,8,40103.0,606.4244152642367,39596.01650145203,40609.98349854797,
controlled_stall,FogCloudAStar,medium,control_transmissions,8,40074.125,606.9281994484309,39566.720327334064,40581.529672665936,
controlled_stall,FogCloudAStar,medium,control_bytes,8,3206267.0,48545.69160815701,3165681.7861605966,3246852.2138394034,
controlled_stall,FogCloudAStar,medium,ev_response_s,8,153.875,1.9594095320493146,152.23689263716608,155.51310736283392,
controlled_stall,FogCloudAStar,medium,route_decision_ms,8,626.5401372238725,0.0034076106332521726,626.5372883900903,626.5429860576547,
controlled_stall,FogCloudAStar,medium,traffic_light_wait_s,8,0.5625,0.9425459443140463,0.0625,1.25,
controlled_stall,FogCloudAStar,medium,ev_delay_vs_freeflow_s,8,24.80769686515557,2.029983574105237,23.599517256499993,26.199743696617805,
controlled_stall,FogCloudAStar,medium,ev_distance_m,8,1780.1355135743374,1.5426583409918642,1778.8458189263417,1781.4252082223331,
controlled_stall,FogCloudAStar,medium,ev_travel_s,8,152.875,1.9594095320493146,151.23689263716608,154.51310736283392,
controlled_stall,MistAStar,medium,pdr,8,1.0,0.0,0.6755924351161198,1.0,
controlled_stall,MistAStar,medium,e2e_delay_ms,8,37.30309697999875,8.964335039191248,29.80872533873657,44.797468621260926,
controlled_stall,MistAStar,medium,throughput_bps,8,2.2755555555555556,0.0,2.2755555555555556,2.2755555555555556,
controlled_stall,MistAStar,medium,nrl,8,40152.5,594.8200207986085,39655.21801800814,40649.78198199186,
controlled_stall,MistAStar,medium,control_transmissions,8,40123.625,595.4508346022965,39625.81564447061,40621.43435552939,
controlled_stall,MistAStar,medium,control_bytes,8,3210102.0,47636.94158348719,3170276.5201937524,3249927.4798062476,
controlled_stall,MistAStar,medium,ev_response_s,8,153.875,1.9039432764659772,152.2832635872782,155.4667364127218,
controlled_stall,MistAStar,medium,route_decision_ms,8,1226.0,0.0,1226.0,1226.0,
controlled_stall,MistAStar,medium,traffic_light_wait_s,8,0.375,0.8762745818846641,0.0,1.0,
controlled_stall,MistAStar,medium,ev_delay_vs_freeflow_s,8,24.3614798676268,1.868798054614895,23.266951181437047,25.657715129817454,
controlled_stall,MistAStar,medium,ev_distance_m,8,1779.3879298399875,1.7812178872851794,1777.898794420236,1780.8770652597389,
controlled_stall,MistAStar,medium,ev_travel_s,8,152.375,1.9039432764659772,150.7832635872782,153.9667364127218,
controlled_stall,MistDynamicAStar,medium,pdr,8,1.0,0.0,0.6755924351161198,1.0,
controlled_stall,MistDynamicAStar,medium,e2e_delay_ms,8,37.30309697999875,8.964335039191248,29.80872533873657,44.797468621260926,
controlled_stall,MistDynamicAStar,medium,throughput_bps,8,2.2755555555555556,0.0,2.2755555555555556,2.2755555555555556,
controlled_stall,MistDynamicAStar,medium,nrl,8,40096.375,747.695686282671,39471.2857632554,40721.4642367446,
controlled_stall,MistDynamicAStar,medium,control_transmissions,8,40067.5,748.2289565557934,39441.96493815019,40693.03506184981,
controlled_stall,MistDynamicAStar,medium,control_bytes,8,3205794.0,59857.64716869039,3155751.7546474454,3255836.2453525546,
controlled_stall,MistDynamicAStar,medium,ev_response_s,8,146.875,1.6420805617960927,145.502186295337,148.247813704663,
controlled_stall,MistDynamicAStar,medium,route_decision_ms,8,1226.0,0.0,1226.0,1226.0,
controlled_stall,MistDynamicAStar,medium,traffic_light_wait_s,8,0.0,0.0,0.0,0.0,
controlled_stall,MistDynamicAStar,medium,route_changes,8,0.25,0.4629100498862757,-0.1370024865375798,0.6370024865375798,
controlled_stall,MistDynamicAStar,medium,route_reviews,8,26.5,0.5345224838248488,26.053128020440948,26.946871979559052,
controlled_stall,MistDynamicAStar,medium,ev_delay_vs_freeflow_s,8,17.27659678042986,1.851018719371149,15.925514665674054,18.33427213858004,
controlled_stall,MistDynamicAStar,medium,ev_distance_m,8,1780.567804752025,3.1935081525724494,1777.8979651230795,1783.2376443809706,
controlled_stall,MistDynamicAStar,medium,ev_travel_s,8,145.375,1.6420805617960927,144.002186295337,146.747813704663,
controlled_stall,MistDynamicFogFallback,medium,pdr,8,1.0,0.0,0.6755924351161198,1.0,
controlled_stall,MistDynamicFogFallback,medium,e2e_delay_ms,8,37.30309697999875,8.964335039191248,29.80872533873657,44.797468621260926,
controlled_stall,MistDynamicFogFallback,medium,throughput_bps,8,2.2755555555555556,0.0,2.2755555555555556,2.2755555555555556,
controlled_stall,MistDynamicFogFallback,medium,nrl,8,40122.375,774.5608778988444,39474.82590100069,40769.92409899931,
controlled_stall,MistDynamicFogFallback,medium,control_transmissions,8,40093.5,775.1232160114932,39445.48077457349,40741.51922542651,
controlled_stall,MistDynamicFogFallback,medium,control_bytes,8,3208080.875,62012.55836507749,3156237.0788030117,3259924.6711969883,
controlled_stall,MistDynamicFogFallback,medium,ev_response_s,8,146.875,1.2174328963613794,145.85720062796162,147.89279937203838,
controlled_stall,MistDynamicFogFallback,medium,route_decision_ms,8,826.5975781231288,0.04007488957493207,826.5640746770121,826.6310815692455,
controlled_stall,MistDynamicFogFallback,medium,traffic_light_wait_s,8,0.0,0.0,0.0,0.0,
controlled_stall,MistDynamicFogFallback,medium,route_changes,8,0.25,0.4629100498862757,-0.1370024865375798,0.6370024865375798,
controlled_stall,MistDynamicFogFallback,medium,route_reviews,8,26.75,0.4629100498862757,26.36299751346242,27.13700248653758,
controlled_stall,MistDynamicFogFallback,medium,fallback_triggered,8,1.0,0.0,0.6755924351161198,1.0,8
controlled_stall,MistDynamicFogFallback,medium,fallback_decision_ms,8,826.5975781231288,0.04007488957493207,826.5640746770121,826.6310815692455,
controlled_stall,MistDynamicFogFallback,medium,ev_delay_vs_freeflow_s,8,17.768108378909176,1.4658380280885657,16.74470142372579,18.613684213245506,
controlled_stall,MistDynamicFogFallback,medium,ev_distance_m,8,1780.6857935331625,3.7350421642440694,1777.5632201406854,1783.8083669256396,
controlled_stall,MistDynamicFogFallback,medium,ev_travel_s,8,145.875,1.2174328963613794,144.85720062796162,146.89279937203838,
controlled_stall,NoPreemptionBaseline,medium,traffic_light_wait_s,8,20.5,5.606119105813881,17.0,24.1875,
