configuration,density,metric,n,mean,stddev,ci95_lower,ci95_upper,event_count
FogCloudAStar,high,pdr,30,1.0,0.0,0.8864866068260312,0.9999999999999999,
FogCloudAStar,high,e2e_delay_ms,30,32.16666666666678,7.88832980588711,29.2211159083767,35.11221742495686,
FogCloudAStar,high,throughput_bps,30,2.2755555555555556,0.0,2.2755555555555556,2.2755555555555556,
FogCloudAStar,high,nrl,30,54479.03333333333,1346.1075041183294,53976.388530559416,54981.67813610725,
FogCloudAStar,high,control_transmissions,30,54439.7,1346.0118140076913,53937.09092850062,54942.309071499374,
FogCloudAStar,high,control_bytes,30,4355397.0,107680.9451206153,4315188.27428005,4395605.72571995,
FogCloudAStar,high,ev_response_s,30,142.51666666666668,2.5375909473537996,141.56911463434298,143.46421869899038,
FogCloudAStar,high,route_decision_ms,30,626.539460082334,0.0038374463048468106,626.5380271563344,626.5408930083337,
FogCloudAStar,high,traffic_light_wait_s,30,0.0,0.0,0.0,0.0,
FogCloudAStar,high,ev_delay_vs_freeflow_s,30,1.0166666666666666,2.5375909473537996,0.23333333333333334,2.0,
FogCloudAStar,high,ev_distance_m,30,1777.0649309314633,1.7194543477725999,1776.4228761261297,1777.706985736797,
FogCloudAStar,high,ev_travel_s,30,141.01666666666668,2.5375909473537996,140.06911463434298,141.96421869899038,
MistAStar,high,pdr,30,1.0,0.0,0.8864866068260312,0.9999999999999999,
MistAStar,high,e2e_delay_ms,30,32.16666666666678,7.88832980588711,29.2211159083767,35.11221742495686,
MistAStar,high,throughput_bps,30,2.2755555555555556,0.0,2.2755555555555556,2.2755555555555556,
MistAStar,high,nrl,30,54432.5,1218.2425088400205,53977.60077113955,54887.39922886045,
MistAStar,high,control_transmissions,30,54393.166666666664,1218.1477483382748,53938.30282195909,54848.030511374236,
MistAStar,high,control_bytes,30,4351549.333333333,97451.81986706199,4315160.225756727,4387938.440909939,
MistAStar,high,ev_response_s,30,142.73333333333332,2.4237806509001927,141.82827876413165,143.638387902535,
MistAStar,high,route_decision_ms,30,1075.333333333333,214.6839430472133,995.1690315360771,1155.4976351305888,
MistAStar,high,traffic_light_wait_s,30,0.0,0.0,0.0,0.0,
MistAStar,high,ev_delay_vs_freeflow_s,30,0.9,2.346677769043747,0.18333333333333332,1.8,
MistAStar,high,ev_distance_m,30,1776.7535209363134,1.3447077227839592,1776.2513988204798,1777.255643052147,
MistAStar,high,ev_travel_s,30,140.9,2.346677769043747,140.02373612004527,141.77626387995474,
MistDynamicAStar,high,pdr,30,1.0,0.0,0.8864866068260312,0.9999999999999999,
MistDynamicAStar,high,e2e_delay_ms,30,32.16666666666678,7.88832980588711,29.2211159083767,35.11221742495686,
MistDynamicAStar,high,throughput_bps,30,2.2755555555555556,0.0,2.2755555555555556,2.2755555555555556,
MistDynamicAStar,high,nrl,30,54453.433333333334,1251.59343082806,53986.080665536014,54920.786001130655,
MistDynamicAStar,high,control_transmissions,30,54414.1,1251.657393632332,53946.72344809904,54881.47655190096,
MistDynamicAStar,high,control_bytes,30,4353224.0,100132.59149058656,4315833.875847923,4390614.124152077,
MistDynamicAStar,high,ev_response_s,30,142.7,2.3400559969721915,141.82620873037297,143.573791269627,
MistDynamicAStar,high,route_decision_ms,30,1075.333333333333,214.6839430472133,995.1690315360771,1155.4976351305888,
MistDynamicAStar,high,traffic_light_wait_s,30,0.13333333333333333,0.7302967433402214,0.0,0.4,
MistDynamicAStar,high,route_changes,30,0.2,0.4068381021724862,0.048084155981774734,0.3519158440182253,
MistDynamicAStar,high,route_reviews,30,26.133333333333333,0.43417248545530474,25.971210662852805,26.29545600381386,
MistDynamicAStar,high,ev_delay_vs_freeflow_s,30,1.0,2.181426297094443,0.2833333333333333,1.85,
MistDynamicAStar,high,ev_distance_m,30,1778.43734760751,3.59060399188552,1777.0965940422718,1779.7781011727482,
MistDynamicAStar,high,ev_travel_s,30,140.86666666666667,2.3041691349158486,140.0062757715605,141.72705756177285,
MistDynamicFogFallback,high,pdr,30,1.0,0.0,0.8864866068260312,0.9999999999999999,
MistDynamicFogFallback,high,e2e_delay_ms,30,32.16666666666678,7.88832980588711,29.2211159083767,35.11221742495686,
MistDynamicFogFallback,high,throughput_bps,30,2.2755555555555556,0.0,2.2755555555555556,2.2755555555555556,
MistDynamicFogFallback,high,nrl,30,54462.63333333333,1226.9354445354782,54004.48810893776,54920.7785577289,
MistDynamicFogFallback,high,control_transmissions,30,54423.3,1227.0049925424664,53965.12880595182,54881.47119404819,
MistDynamicFogFallback,high,control_bytes,30,4354169.466666667,98139.81641787055,4317523.456955921,4390815.476377413,
MistDynamicFogFallback,high,ev_response_s,30,142.8,2.3029216825289716,141.94007491127041,143.6599250887296,
MistDynamicFogFallback,high,route_decision_ms,30,1087.2367571633333,121.27671346360447,1041.9512881101698,1132.5222262164968,
MistDynamicFogFallback,high,traffic_light_wait_s,30,0.13333333333333333,0.7302967433402214,0.0,0.4,
MistDynamicFogFallback,high,route_changes,30,0.16666666666666666,0.3790490217894517,0.0251274357983306,0.3082058975350027,
MistDynamicFogFallback,high,route_reviews,30,26.166666666666668,0.46113303737741407,25.994476760648038,26.338856572685298,
MistDynamicFogFallback,high,fallback_triggered,30,0.9,0.30512857662936466,0.7437891742081593,0.9654001112526658,27
MistDynamicFogFallback,high,fallback_decision_ms,27,1126.6334338851852,0.03510684174928285,1126.619546081125,1126.6473216892455,
MistDynamicFogFallback,high,ev_delay_vs_freeflow_s,30,0.9833333333333333,2.218586585369525,0.26666666666666666,1.85,
MistDynamicFogFallback,high,ev_distance_m,30,1778.3977457516066,3.53679410092392,1777.0770851298719,1779.7184063733414,
MistDynamicFogFallback,high,ev_travel_s,30,140.85,2.3383976240741995,139.97682797699014,141.72317202300985,
FogCloudAStar,low,pdr,30,0.8,0.4068381021724862,0.6269430358685175,0.9049489282271013,
FogCloudAStar,low,e2e_delay_ms,24,44.36250000000008,9.55058898707267,40.3296399624553,48.39536003754486,
FogCloudAStar,low,throughput_bps,30,1.8204444444444445,0.9257827036102798,1.4747515016118609,2.166137387277028,
FogCloudAStar,low,nrl,24,22035.125,778.5137631075163,21706.38746892578,22363.86253107422,
FogCloudAStar,low,control_transmissions,30,22659.433333333334,1563.5463157863906,22075.59554391318,23243.27112275349,
FogCloudAStar,low,control_bytes,30,1812931.4666666666,125008.67824212716,1766252.4590630375,1859610.4742702956,
FogCloudAStar,low,ev_response_s,24,141.66666666666666,0.5646597025732799,141.42823178559263,141.90510154774068,
FogCloudAStar,low,route_decision_ms,24,626.5385801005825,0.004017502611791513,626.5368836580117,626.5402765431534,
FogCloudAStar,low,traffic_light_wait_s,24,0.0,0.0,0.0,0.0,
FogCloudAStar,low,ev_delay_vs_freeflow_s,24,0.16666666666666666,0.5646597025732799,0.0,0.4166666666666667,
FogCloudAStar,low,ev_distance_m,24,1776.7980565356709,1.2831054741198045,1776.256248611831,1777.3398644595106,
FogCloudAStar,low,ev_travel_s,24,140.16666666666666,0.5646597025732799,139.92823178559263,140.40510154774068,
MistAStar,low,pdr,30,0.8,0.4068381021724862,0.6269430358685175,0.9049489282271013,
MistAStar,low,e2e_delay_ms,24,44.36250000000008,9.55058898707267,40.3296399624553,48.39536003754486,
MistAStar,low,throughput_bps,30,1.8204444444444445,0.9257827036102798,1.4747515016118609,2.166137387277028,
MistAStar,low,nrl,24,22025.166666666668,768.333185576395,21700.728016461468,22349.605316871868,
MistAStar,low,control_transmissions,30,22651.466666666667,1562.940701620381,22067.855017292608,23235.078316040726,
MistAStar,low,control_bytes,30,1812194.1333333333,125002.54889421485,1765517.414465829,1858870.8522008376,
MistAStar,low,ev_response_s,24,141.60416666666666,0.6075461454412987,141.34762242900436,141.86071090432895,
MistAStar,low,route_decision_ms,24,625.166666666665,108.82441648448417,579.2141457338253,671.1191875995048,
MistAStar,low,traffic_light_wait_s,24,0.0,0.0,0.0,0.0,
MistAStar,low,ev_delay_vs_freeflow_s,24,0.16666666666666666,0.5646597025732799,0.0,0.4166666666666667,
MistAStar,low,ev_distance_m,24,1776.7980565356709,1.2831054741198045,1776.256248611831,1777.3398644595106,
MistAStar,low,ev_travel_s,24,140.16666666666666,0.5646597025732799,139.92823178559263,140.40510154774068,
MistDynamicAStar,low,pdr,30,0.8,0.4068381021724862,0.6269430358685175,0.9049489282271013,
MistDynamicAStar,low,e2e_delay_ms,24,44.36250000000008,9.55058898707267,40.3296399624553,48.39536003754486,
MistDynamicAStar,low,throughput_bps,30,1.8204444444444445,0.9257827036102798,1.4747515016118609,2.166137387277028,
MistDynamicAStar,low,nrl,24,22051.25,773.7058338873401,21724.542679381033,22377.957320618967,
MistDynamicAStar,low,control_transmissions,30,22672.333333333332,1556.1715695973205,22091.249319397208,23253.417347269457,
MistDynamicAStar,low,control_bytes,30,1813863.4666666666,124461.14242293853,1767388.9122980174,1860338.0210353157,
MistDynamicAStar,low,ev_response_s,24,141.66666666666666,0.6197241087891391,141.40498012607512,141.9283532072582,
MistDynamicAStar,low,route_decision_ms,24,625.166666666665,108.82441648448417,579.2141457338253,671.1191875995048,
MistDynamicAStar,low,traffic_light_wait_s,24,0.0,0.0,0.0,0.0,
MistDynamicAStar,low,route_changes,30,0.1,0.30512857662936466,-0.013936883013668952,0.21393688301366898,
MistDynamicAStar,low,route_reviews,30,20.833333333333332,10.602808129447833,16.87417971092884,24.792486955737825,
MistDynamicAStar,low,ev_delay_vs_freeflow_s,24,0.22916666666666666,0.570643547208776,0.041666666666666664,0.4791666666666667,
MistDynamicAStar,low,ev_distance_m,24,1777.504931535671,2.1767921601687696,1776.5857528206548,1778.4241102506871,
MistDynamicAStar,low,ev_travel_s,24,140.22916666666666,0.570643547208776,139.98820502960572,140.4701283037276,
MistDynamicFogFallback,low,pdr,30,0.8,0.4068381021724862,0.6269430358685175,0.9049489282271013,
MistDynamicFogFallback,low,e2e_delay_ms,24,44.36250000000008,9.55058898707267,40.3296399624553,48.39536003754486,
MistDynamicFogFallback,low,throughput_bps,30,1.8204444444444445,0.9257827036102798,1.4747515016118609,2.166137387277028,
MistDynamicFogFallback,low,nrl,24,22051.25,773.7058338873401,21724.542679381033,22377.957320618967,
MistDynamicFogFallback,low,control_transmissions,30,22672.333333333332,1556.1715695973205,22091.249319397208,23253.417347269457,
MistDynamicFogFallback,low,control_bytes,30,1813863.4666666666,124461.14242293853,1767388.9122980174,1860338.0210353157,
MistDynamicFogFallback,low,ev_response_s,24,141.66666666666666,0.6197241087891391,141.40498012607512,141.9283532072582,
MistDynamicFogFallback,low,route_decision_ms,24,625.166666666665,108.82441648448417,579.2141457338253,671.1191875995048,
MistDynamicFogFallback,low,traffic_light_wait_s,24,0.0,0.0,0.0,0.0,
MistDynamicFogFallback,low,route_changes,30,0.1,0.30512857662936466,-0.013936883013668952,0.21393688301366898,
MistDynamicFogFallback,low,route_reviews,30,20.833333333333332,10.602808129447833,16.87417971092884,24.792486955737825,
MistDynamicFogFallback,low,fallback_triggered,30,0.0,0.0,0.0,0.11351339317396876,0
MistDynamicFogFallback,low,ev_delay_vs_freeflow_s,24,0.22916666666666666,0.570643547208776,0.041666666666666664,0.4791666666666667,
MistDynamicFogFallback,low,ev_distance_m,24,1777.504931535671,2.1767921601687696,1776.5857528206548,1778.4241102506871,
MistDynamicFogFallback,low,ev_travel_s,24,140.22916666666666,0.570643547208776,139.98820502960572,140.4701283037276,
FogCloudAStar,medium,pdr,30,0.9666666666666667,0.18257418583505536,0.8332960900859082,0.9940914096183874,
FogCloudAStar,medium,e2e_delay_ms,29,37.124137931035925,8.938106829446326,33.72426392173721,40.52401194033464,
FogCloudAStar,medium,throughput_bps,30,2.1997037037037037,0.41545770287799266,2.044569247885638,2.3548381595217696,
FogCloudAStar,medium,nrl,29,39859.68965517241,1079.202916953337,39449.18281987469,40270.19649047014,
FogCloudAStar,medium,control_transmissions,30,40082.63333333333,1742.6900823119715,39431.902162130566,40733.3645045361,
FogCloudAStar,medium,control_bytes,30,3206824.3,139383.18843294727,3154777.7620782265,3258870.837921773,
FogCloudAStar,medium,ev_response_s,29,141.51724137931035,0.09284766908852593,141.48192401479665,141.55255874382405,
FogCloudAStar,medium,route_decision_ms,29,626.5427008316537,0.017713654418355117,626.5359629178633,626.5494387454441,
FogCloudAStar,medium,traffic_light_wait_s,29,0.0,0.0,0.0,0.0,
FogCloudAStar,medium,ev_delay_vs_freeflow_s,29,0.017241379310344827,0.09284766908852593,0.0,0.05172413793103448,
FogCloudAStar,medium,ev_distance_m,29,1776.5621611879724,0.8822924181606663,1776.2265551006494,1776.8977672752953,
FogCloudAStar,medium,ev_travel_s,29,140.01724137931035,0.09284766908852593,139.98192401479665,140.05255874382405,
MistAStar,medium,pdr,30,0.9666666666666667,0.18257418583505536,0.8332960900859082,0.9940914096183874,
MistAStar,medium,e2e_delay_ms,29,37.124137931035925,8.938106829446326,33.72426392173721,40.52401194033464,
MistAStar,medium,throughput_bps,30,2.1997037037037037,0.41545770287799266,2.044569247885638,2.3548381595217696,
MistAStar,medium,nrl,29,39897.65517241379,1066.042791819422,39492.154180999525,40303.156163828055,
MistAStar,medium,control_transmissions,30,40119.333333333336,1729.317252825386,39473.59565872668,40765.071007939994,
MistAStar,medium,control_bytes,30,3209639.466666667,138331.43404899182,3157985.660286225,3261293.2730471087,
MistAStar,medium,ev_response_s,29,141.6551724137931,0.23541180771537917,141.56562655113942,141.7447182764468,
MistAStar,medium,route_decision_ms,29,844.6206896551707,187.1539499589078,773.4311343785868,915.8102449317547,
MistAStar,medium,traffic_light_wait_s,29,0.0,0.0,0.0,0.0,
MistAStar,medium,ev_delay_vs_freeflow_s,29,0.034482758620689655,0.12894035738878187,0.0,0.08620689655172414,
MistAStar,medium,ev_distance_m,29,1776.6458283709414,0.9259714352782233,1776.2936076740727,1776.9980490678101,
MistAStar,medium,ev_travel_s,29,140.0344827586207,0.12894035738878187,139.98543646971402,140.08352904752738,
MistDynamicAStar,medium,pdr,30,0.9666666666666667,0.18257418583505536,0.8332960900859082,0.9940914096183874,
MistDynamicAStar,medium,e2e_delay_ms,29,37.124137931035925,8.938106829446326,33.72426392173721,40.52401194033464,
MistDynamicAStar,medium,throughput_bps,30,2.1997037037037037,0.41545770287799266,2.044569247885638,2.3548381595217696,
MistDynamicAStar,medium,nrl,29,39898.58620689655,1068.817488002558,39492.02977750009,40305.142636293014,
MistDynamicAStar,medium,control_transmissions,30,40120.23333333333,1730.828736788234,39473.931261339334,40766.535405327326,
MistDynamicAStar,medium,control_bytes,30,3209711.466666667,138452.36666754266,3158012.5033043236,3261410.43002901,
MistDynamicAStar,medium,ev_response_s,29,141.72413793103448,0.7268597685611093,141.44765526164028,142.00062060042868,
MistDynamicAStar,medium,route_decision_ms,29,844.6206896551707,187.1539499589078,773.4311343785868,915.8102449317547,
MistDynamicAStar,medium,traffic_light_wait_s,29,0.0,0.0,0.0,0.0,
MistDynamicAStar,medium,route_changes,30,0.2,0.4068381021724862,0.048084155981774734,0.3519158440182253,
MistDynamicAStar,medium,route_reviews,30,25.266666666666666,4.784553691096852,23.480084956762482,27.05324837657085,
MistDynamicAStar,medium,ev_delay_vs_freeflow_s,29,0.1896551724137931,0.4894200851052534,0.05172413793103448,0.39655172413793105,
MistDynamicAStar,medium,ev_distance_m,29,1778.3076457257966,3.5038430611856826,1776.9748551042815,1779.6404363473118,
MistDynamicAStar,medium,ev_travel_s,29,140.10344827586206,0.6992254687564201,139.8374771319468,140.36941941977733,
MistDynamicFogFallback,medium,pdr,30,0.9666666666666667,0.18257418583505536,0.8332960900859082,0.9940914096183874,
MistDynamicFogFallback,medium,e2e_delay_ms,29,37.124137931035925,8.938106829446326,33.72426392173721,40.52401194033464,
MistDynamicFogFallback,medium,throughput_bps,30,2.1997037037037037,0.41545770287799266,2.044569247885638,2.3548381595217696,
MistDynamicFogFallback,medium,nrl,29,39918.24137931035,1086.5444785837747,39504.94196331838,40331.54079530232,
MistDynamicFogFallback,medium,control_transmissions,30,40139.23333333333,1738.6100211798869,39490.02568199563,40788.44098467103,
MistDynamicFogFallback,medium,control_bytes,30,3211360.466666667,139054.53503912457,3159436.6499390136,3263284.28339432,
MistDynamicFogFallback,medium,ev_response_s,29,141.8793103448276,0.715331746387061,141.60721270055294,142.15140798910224,
MistDynamicFogFallback,medium,route_decision_ms,29,946.3780053527241,239.63878543203154,855.2242863653729,1037.5317243400752,
MistDynamicFogFallback,medium,traffic_light_wait_s,29,0.0,0.0,0.0,0.0,
MistDynamicFogFallback,medium,route_changes,30,0.16666666666666666,0.3790490217894517,0.0251274357983306,0.3082058975350027,
MistDynamicFogFallback,medium,route_reviews,30,25.266666666666666,4.784553691096852,23.480084956762482,27.05324837657085,
MistDynamicFogFallback,medium,fallback_triggered,30,0.6,0.49827287912243984,0.42320360253322475,0.7540937188319815,18
MistDynamicFogFallback,medium,fallback_decision_ms,18,1126.6090086238332,0.03544452351616654,1126.5913824769643,1126.6266347707021,
MistDynamicFogFallback,medium,ev_delay_vs_freeflow_s,29,0.15517241379310345,0.4837252813149745,0.017241379310344827,0.3620689655172414,
MistDynamicFogFallback,medium,ev_distance_m,29,1777.8649808377622,3.0760116027137383,1776.6949285996402,1779.0350330758843,
MistDynamicFogFallback,medium,ev_travel_s,29,140.06896551724137,0.6908087642527945,139.8061959164976,140.33173511798515,
