context,density,config_A,config_B,metric,N_scheduled,n_pairs,mean_A,mean_B,mean_paired_diff,stddev_diff,se_diff,t_critical_95,ci95_lower,ci95_upper,t_statistic,p_value,cohen_dz,test_status,reduction_percent
Ordinary traffic,low,MistAStar,FogCloudAStar,route_decision_ms,30,24,588.499999999998,626.5385801005825,-38.03858010058456,417.8752023250999,85.29841848823146,2.0686576104190486,-214.49180266297347,138.41464246180433,-0.4459470735185167,0.6598053138966457,-0.09102856520064855,not_significant,6.07122710535686
Ordinary traffic,low,MistAStar,FogCloudAStar,ev_response_s,30,24,153.5,153.3125,0.1875,1.2922217133765161,0.26377365269312336,2.0686576104190486,-0.3581573740716606,0.7331573740716606,0.7108367271925342,0.4843321320994577,0.14509893933763973,not_significant,-0.12229922543823889
Ordinary traffic,low,MistAStar,FogCloudAStar,traffic_light_wait_s,30,24,1.8333333333333333,1.5625,0.2708333333333333,0.675328690771916,0.13785089175441675,2.0686576104190486,-0.01433296299749337,0.55599962966416,1.9646832159477545,0.0616442498443889,0.40103928210685774,not_significant,-17.33333333333333
Ordinary traffic,low,MistAStar,FogCloudAStar,ev_delay_vs_freeflow_s,30,24,24.732900086419967,24.332172674800365,0.4007274116196016,1.3847495250185542,0.28266081315473557,2.0686576104190486,-0.18400103068017887,0.9854558539193821,1.4176970877113888,0.16968545516008315,0.2893862062268859,not_significant,-1.6469035337506703
Ordinary traffic,low,MistAStar,FogCloudAStar,fog_route_requests,30,30,0.0,0.8,-0.8,0.4068381021724862,0.07427813527082075,2.045229642132704,-0.9519158440182254,-0.6480841559817747,-10.770329614269007,1.1938472333990086e-11,-1.9663841605003503,statistically_significant,100.0
Ordinary traffic,low,MistDynamicAStar,FogCloudAStar,route_decision_ms,30,24,588.499999999998,626.5385801005825,-38.03858010058456,417.8752023250999,85.29841848823146,2.0686576104190486,-214.49180266297347,138.41464246180433,-0.4459470735185167,0.6598053138966457,-0.09102856520064855,not_significant,6.07122710535686
Ordinary traffic,low,MistDynamicAStar,FogCloudAStar,ev_response_s,30,24,147.16666666666666,153.3125,-6.145833333333333,1.470574914688179,0.3001798474602452,2.0686576104190486,-6.766802659276398,-5.524864007390268,-20.473837219026727,2.9007539599560913e-16,-4.179204521951537,statistically_significant,4.008696833808948
Ordinary traffic,low,MistDynamicAStar,FogCloudAStar,traffic_light_wait_s,30,24,0.0,1.5625,-1.5625,1.0664090495065977,0.2176798356981308,2.0686576104190486,-2.0128050487517064,-1.1121949512482936,-7.177973076784241,2.615482657597569e-07,-1.4651976187964009,statistically_significant,100.0
Ordinary traffic,low,MistDynamicAStar,FogCloudAStar,ev_delay_vs_freeflow_s,30,24,18.434131289601623,24.332172674800365,-5.898041385198742,1.3262575280005209,0.27072118426052083,2.0686576104190486,-6.458070823320926,-5.338011947076558,-21.786405084291186,7.43128465450162e-17,-4.447131315507546,statistically_significant,24.239682432087346
Ordinary traffic,low,MistDynamicAStar,FogCloudAStar,fog_route_requests,30,30,0.0,0.8,-0.8,0.4068381021724862,0.07427813527082075,2.045229642132704,-0.9519158440182254,-0.6480841559817747,-10.770329614269007,1.1938472333990086e-11,-1.9663841605003503,statistically_significant,100.0
Ordinary traffic,low,MistDynamicFogFallback,FogCloudAStar,route_decision_ms,30,24,471.99064945553914,626.5385801005825,-154.54793064504332,232.40338617916927,47.439142552829416,2.0686576104190486,-252.68327391870804,-56.41258737137862,-3.257814587878246,0.0034642604554989873,-0.6649986180747642,statistically_significant,24.666945588607287
Ordinary traffic,low,MistDynamicFogFallback,FogCloudAStar,ev_response_s,30,24,147.10416666666666,153.3125,-6.208333333333333,1.4364559850901975,0.29321535011982874,2.0686576104190486,-6.814895498850403,-5.601771167816263,-21.173288952287677,1.3905836341436777e-16,-4.3219795091344215,statistically_significant,4.04946324228836
Ordinary traffic,low,MistDynamicFogFallback,FogCloudAStar,traffic_light_wait_s,30,24,0.0,1.5625,-1.5625,1.0664090495065977,0.2176798356981308,2.0686576104190486,-2.0128050487517064,-1.1121949512482936,-7.177973076784241,2.615482657597569e-07,-1.4651976187964009,statistically_significant,100.0
Ordinary traffic,low,MistDynamicFogFallback,FogCloudAStar,ev_delay_vs_freeflow_s,30,24,18.508156304767688,24.332172674800365,-5.824016370032676,1.3320900708807908,0.2719117470904845,2.0686576104190486,-6.386508675013746,-5.2615240650516055,-21.418774408795986,1.0799130359493167e-16,-4.37208901811105,statistically_significant,23.935455529889133
Ordinary traffic,low,MistDynamicFogFallback,FogCloudAStar,fog_route_requests,30,30,0.23333333333333334,0.8,-0.5666666666666667,0.5040069329937309,0.09201865544655373,2.045229642132704,-0.7548659484151543,-0.378467384918179,-6.158171556807825,1.032991860944359e-06,-1.1243231582167843,statistically_significant,70.83333333333333
Ordinary traffic,medium,MistAStar,FogCloudAStar,route_decision_ms,30,29,574.2758620689631,626.5427008316537,-52.26683876269068,409.3745542131136,76.01894628568398,2.0484071417952454,-207.98459124603488,103.45091372065353,-0.6875501610646985,0.4973923895215849,-0.12767485967259568,not_significant,8.342103210733004
Ordinary traffic,medium,MistAStar,FogCloudAStar,ev_response_s,30,29,154.72413793103448,154.51724137931035,0.20689655172413793,2.3280787656168886,0.4323133736840416,2.0484071417952454,-0.6786572504238496,1.0924503538721255,0.478580040124665,0.6359534218874056,0.08887008239573672,not_significant,-0.13389868332960758
Ordinary traffic,medium,MistAStar,FogCloudAStar,traffic_light_wait_s,30,29,0.9137931034482759,0.8448275862068966,0.06896551724137931,0.5464845104822682,0.10147962598252544,2.0484071417952454,-0.13890607336793614,0.27683710785069476,0.6795996395695725,0.5023381642286929,0.1261984848948743,not_significant,-8.163265306122453
Ordinary traffic,medium,MistAStar,FogCloudAStar,ev_delay_vs_freeflow_s,30,29,25.9619961598452,25.536557450410072,0.42543870943512924,2.3900959809734803,0.443829681462483,2.0484071417952454,-0.4837051798133298,1.3345825986835882,0.9585629965829396,0.3459834037606747,0.1780006798144772,not_significant,-1.6659986776263591
Ordinary traffic,medium,MistAStar,FogCloudAStar,fog_route_requests,30,30,0.0,0.9666666666666667,-0.9666666666666667,0.18257418583505536,0.03333333333333333,2.045229642132704,-1.03484098807109,-0.8984923452622432,-29.0,5.696649169054284e-23,-5.2946513892166065,statistically_significant,100.0
Ordinary traffic,medium,MistDynamicAStar,FogCloudAStar,route_decision_ms,30,29,574.2758620689631,626.5427008316537,-52.26683876269068,409.3745542131136,76.01894628568398,2.0484071417952454,-207.98459124603488,103.45091372065353,-0.6875501610646985,0.4973923895215849,-0.12767485967259568,not_significant,8.342103210733004
Ordinary traffic,medium,MistDynamicAStar,FogCloudAStar,ev_response_s,30,29,147.36206896551724,154.51724137931035,-7.155172413793103,3.6890364795950785,0.6850368766258891,2.0484071417952454,-8.558406844266683,-5.751937983319523,-10.444944875136512,3.6498422849515404e-11,-1.9395775708291396,statistically_significant,4.6306627984824855
Ordinary traffic,medium,MistDynamicAStar,FogCloudAStar,traffic_light_wait_s,30,29,0.0,0.8448275862068966,-0.8448275862068966,1.1188598172427116,0.2077670521355998,2.0484071417952454,-1.2704190996312041,-0.4192360727825889,-4.0662250223173855,0.0003517529295084008,-0.7550790306232171,statistically_significant,99.99999999999999
Ordinary traffic,medium,MistDynamicAStar,FogCloudAStar,ev_delay_vs_freeflow_s,30,29,18.53904142444927,25.536557450410072,-6.997516025960802,3.715539178471824,0.6899583042564109,2.0484071417952454,-8.41083154394057,-5.584200507981032,-10.141940437259086,7.04478785855837e-11,-1.8833110592683435,statistically_significant,27.40195517563169
Ordinary traffic,medium,MistDynamicAStar,FogCloudAStar,fog_route_requests,30,30,0.0,0.9666666666666667,-0.9666666666666667,0.18257418583505536,0.03333333333333333,2.045229642132704,-1.03484098807109,-0.8984923452622432,-29.0,5.696649169054284e-23,-5.2946513892166065,statistically_significant,100.0
Ordinary traffic,medium,MistDynamicFogFallback,FogCloudAStar,route_decision_ms,30,29,464.09588362017104,626.5427008316537,-162.44681721148274,227.70283869848595,42.28335563599004,2.0484071417952454,-249.06034487531298,-75.8332895476525,-3.841861999079703,0.0006410703176818334,-0.71341586314867,statistically_significant,25.92749336890458
Ordinary traffic,medium,MistDynamicFogFallback,FogCloudAStar,ev_response_s,30,29,147.36206896551724,154.51724137931035,-7.155172413793103,3.698705005702918,0.686832276851158,2.0484071417952454,-8.562084554910504,-5.748260272675702,-10.4176414751453,3.8708176949809933e-11,-1.9345074567343883,statistically_significant,4.6306627984824855
Ordinary traffic,medium,MistDynamicFogFallback,FogCloudAStar,traffic_light_wait_s,30,29,0.0,0.8448275862068966,-0.8448275862068966,1.1188598172427116,0.2077670521355998,2.0484071417952454,-1.2704190996312041,-0.4192360727825889,-4.0662250223173855,0.0003517529295084008,-0.7550790306232171,statistically_significant,99.99999999999999
Ordinary traffic,medium,MistDynamicFogFallback,FogCloudAStar,ev_delay_vs_freeflow_s,30,29,18.674630830926322,25.536557450410072,-6.861926619483748,3.709127212735626,0.688767632110648,2.0484071417952454,-8.2728031561366,-5.451050082830896,-9.96261482040928,1.0453806926435556e-10,-1.8500111282036105,statistically_significant,26.87099321358823
Ordinary traffic,medium,MistDynamicFogFallback,FogCloudAStar,fog_route_requests,30,30,0.26666666666666666,0.9666666666666667,-0.7,0.466091599699399,0.08509629433967632,2.045229642132704,-0.8740414636191554,-0.5259585363808446,-8.225975119502044,4.538212160419277e-09,-1.501850710142508,statistically_significant,72.41379310344827
Ordinary traffic,high,MistAStar,FogCloudAStar,route_decision_ms,30,30,566.0000000000014,626.539460082334,-60.53946008233266,404.7984180631775,73.905741605203,2.045229642132704,-211.69367353709407,90.61475337242877,-0.819144206761747,0.4193852825650407,-0.14955458663102822,not_significant,9.662513526981543
Ordinary traffic,high,MistAStar,FogCloudAStar,ev_response_s,30,30,156.88333333333333,156.2,0.6833333333333333,2.527378815722115,0.46143412957723157,2.045229642132704,-0.26040542636972364,1.6270720930363902,1.4808903146358225,0.14941986723298062,0.27037234350565426,not_significant,-0.4374733247972709
Ordinary traffic,high,MistAStar,FogCloudAStar,traffic_light_wait_s,30,30,0.7166666666666667,0.6666666666666666,0.05,0.7695722053909853,0.14050401884054714,2.045229642132704,-0.2373629841714589,0.3373629841714589,0.35586170710706266,0.7245198634808878,0.0649711614449449,not_significant,-7.500000000000007
Ordinary traffic,high,MistAStar,FogCloudAStar,ev_delay_vs_freeflow_s,30,30,28.152952479535017,27.255466891944845,0.8974855875901686,2.4540698396986853,0.4480498029653523,2.045229642132704,-0.018879150586287308,1.8138503257666245,2.0030933651801455,0.054592345601427235,0.3657131402993663,not_significant,-3.292864477971636
Ordinary traffic,high,MistAStar,FogCloudAStar,fog_route_requests,30,30,0.0,1.0,-1.0,0.0,0.0,2.045229642132704,-1.0,-1.0,NA,NA,0.0,not_applicable_zero_variance,100.0
Ordinary traffic,high,MistDynamicAStar,FogCloudAStar,route_decision_ms,30,30,566.0000000000014,626.539460082334,-60.53946008233266,404.7984180631775,73.905741605203,2.045229642132704,-211.69367353709407,90.61475337242877,-0.819144206761747,0.4193852825650407,-0.14955458663102822,not_significant,9.662513526981543
Ordinary traffic,high,MistDynamicAStar,FogCloudAStar,ev_response_s,30,30,147.51666666666668,156.2,-8.683333333333334,5.198612768099166,0.9491324936074288,2.045229642132704,-10.624527243570576,-6.742139423096091,-9.148705151090162,4.773147757614196e-10,-1.6703173944052634,statistically_significant,5.559112249253079
Ordinary traffic,high,MistDynamicAStar,FogCloudAStar,traffic_light_wait_s,30,30,0.4,0.6666666666666666,-0.26666666666666666,2.5418338931232083,0.4640732535649189,2.045229642132704,-1.2158030409786054,0.6824697076452719,-0.5746219257804368,0.5699782249905693,-0.10491113026233487,not_significant,39.99999999999999
Ordinary traffic,high,MistDynamicAStar,FogCloudAStar,ev_delay_vs_freeflow_s,30,30,18.73530724000216,27.255466891944845,-8.520159651942686,5.050111062910188,0.9220199156874337,2.045229642132704,-10.405902114143322,-6.6344171897420505,-9.240754464170418,3.836226470948275e-10,-1.6871232227975674,statistically_significant,31.26036947274147
Ordinary traffic,high,MistDynamicAStar,FogCloudAStar,fog_route_requests,30,30,0.0,1.0,-1.0,0.0,0.0,2.045229642132704,-1.0,-1.0,NA,NA,0.0,not_applicable_zero_variance,100.0
Ordinary traffic,high,MistDynamicFogFallback,FogCloudAStar,route_decision_ms,30,30,459.5012558552,626.539460082334,-167.038204227134,225.17106978571337,41.11042473973505,2.045229642132704,-251.11846350550576,-82.95794494876223,-4.063159290730561,0.0003369240097259209,-0.7418279994232733,statistically_significant,26.6604443725194
Ordinary traffic,high,MistDynamicFogFallback,FogCloudAStar,ev_response_s,30,30,146.73333333333332,156.2,-9.466666666666667,5.245578324076669,0.957707191752312,2.045229642132704,-11.425397803722165,-7.507935529611169,-9.884719200391045,8.580138217503657e-11,-1.8046945602195346,statistically_significant,6.060606060606062
Ordinary traffic,high,MistDynamicFogFallback,FogCloudAStar,traffic_light_wait_s,30,30,0.0,0.6666666666666666,-0.6666666666666666,1.0531834608931392,0.19228411290751077,2.045229642132704,-1.0599318340962993,-0.27340149923703394,-3.4670917767779144,0.0016619786498909773,-0.6330014583606433,statistically_significant,99.99999999999999
Ordinary traffic,high,MistDynamicFogFallback,FogCloudAStar,ev_delay_vs_freeflow_s,30,30,18.09915049820168,27.255466891944845,-9.156316393743166,5.214651894514629,0.9520608240542375,2.045229642132704,-11.103499412212182,-7.209133375274151,-9.617364943924574,1.587325518147678e-10,-1.7558825745156321,statistically_significant,33.594421368908
Ordinary traffic,high,MistDynamicFogFallback,FogCloudAStar,fog_route_requests,30,30,0.26666666666666666,1.0,-0.7333333333333333,0.4497764451088036,0.08211756827352529,2.045229642132704,-0.9012826181062032,-0.5653840485604633,-8.930285549745877,8.052512352434439e-10,-1.6304396135194132,statistically_significant,73.33333333333334
Controlled obstruction,low,MistAStar,FogCloudAStar,route_decision_ms,30,24,588.499999999998,626.5385801005825,-38.03858010058456,417.8752023250999,85.29841848823146,2.0686576104190486,-214.49180266297347,138.41464246180433,-0.4459470735185167,0.6598053138966457,-0.09102856520064855,not_significant,6.07122710535686
Controlled obstruction,low,MistAStar,FogCloudAStar,ev_response_s,30,24,266.5,266.2916666666667,0.20833333333333334,0.5694518086009039,0.11623886368143699,2.0686576104190486,-0.03212507664773362,0.4487917433144003,1.7922863897249504,0.08625275892534451,0.36584892731343,not_significant,-0.07823501799404702
Controlled obstruction,low,MistAStar,FogCloudAStar,traffic_light_wait_s,30,24,4.479166666666667,4.416666666666667,0.0625,0.30618621784789724,0.0625,2.0686576104190486,-0.06679110065119054,0.19179110065119054,1.0,0.3277158061428585,0.20412414523193154,not_significant,-1.4150943396226414
Controlled obstruction,low,MistAStar,FogCloudAStar,ev_delay_vs_freeflow_s,30,24,137.76816147445925,137.36684416529857,0.4013173091606639,0.7724784494090255,0.1576815031957052,2.0686576104190486,0.07512826755255281,0.7275063507687749,2.545113415506776,0.01809416786646095,0.5195191004586425,statistically_significant,-0.29215005382066916
Controlled obstruction,low,MistAStar,FogCloudAStar,fog_route_requests,30,30,0.0,0.8,-0.8,0.4068381021724862,0.07427813527082075,2.045229642132704,-0.9519158440182254,-0.6480841559817747,-10.770329614269007,1.1938472333990086e-11,-1.9663841605003503,statistically_significant,100.0
Controlled obstruction,low,MistDynamicAStar,FogCloudAStar,route_decision_ms,30,24,588.499999999998,626.5385801005825,-38.03858010058456,417.8752023250999,85.29841848823146,2.0686576104190486,-214.49180266297347,138.41464246180433,-0.4459470735185167,0.6598053138966457,-0.09102856520064855,not_significant,6.07122710535686
Controlled obstruction,low,MistDynamicAStar,FogCloudAStar,ev_response_s,30,24,144.52083333333334,266.2916666666667,-121.77083333333333,3.758986816159106,0.7672999707865772,2.0686576104190486,-123.35811425737529,-120.18355240929137,-158.7004274332282,1.813653950902152e-36,-32.394589097749886,statistically_significant,45.728368017524645
Controlled obstruction,low,MistDynamicAStar,FogCloudAStar,traffic_light_wait_s,30,24,0.0,4.416666666666667,-4.416666666666667,21.63715939458474,4.416666666666667,2.0686576104190486,-13.553237779350798,4.719904446017465,-1.0,0.3277158061428585,-0.20412414523193154,not_significant,100.0
Controlled obstruction,low,MistDynamicAStar,FogCloudAStar,ev_delay_vs_freeflow_s,30,24,15.413990352389993,137.36684416529857,-121.95285381290857,3.866967529491482,0.7893414415970827,2.0686576104190486,-123.58573099328753,-120.31997663252962,-154.499494624481,3.35959613239286e-36,-31.537077278987585,statistically_significant,88.7789586737235
Controlled obstruction,low,MistDynamicAStar,FogCloudAStar,fog_route_requests,30,30,0.0,0.8,-0.8,0.4068381021724862,0.07427813527082075,2.045229642132704,-0.9519158440182254,-0.6480841559817747,-10.770329614269007,1.1938472333990086e-11,-1.9663841605003503,statistically_significant,100.0
Controlled obstruction,low,MistDynamicFogFallback,FogCloudAStar,route_decision_ms,30,24,471.99064945553914,626.5385801005825,-154.54793064504332,232.40338617916927,47.439142552829416,2.0686576104190486,-252.68327391870804,-56.41258737137862,-3.257814587878246,0.0034642604554989873,-0.6649986180747642,statistically_significant,24.666945588607287
Controlled obstruction,low,MistDynamicFogFallback,FogCloudAStar,ev_response_s,30,24,144.41666666666666,266.2916666666667,-121.875,3.74818796800244,0.7650956651371084,2.0686576104190486,-123.4577209703845,-120.2922790296155,-159.29380540688265,1.6645956895769944e-36,-32.51571186942155,statistically_significant,45.76748552652168
Controlled obstruction,low,MistDynamicFogFallback,FogCloudAStar,traffic_light_wait_s,30,24,0.0,4.416666666666667,-4.416666666666667,21.63715939458474,4.416666666666667,2.0686576104190486,-13.553237779350798,4.719904446017465,-1.0,0.3277158061428585,-0.20412414523193154,not_significant,100.0
Controlled obstruction,low,MistDynamicFogFallback,FogCloudAStar,ev_delay_vs_freeflow_s,30,24,15.446653691957138,137.36684416529857,-121.92019047334144,3.801760768377935,0.7760311672214372,2.0686576104190486,-123.52553325333643,-120.31484769334644,-157.10733746670775,2.286876447634968e-36,-32.06940097005633,statistically_significant,88.75518049073791
Controlled obstruction,low,MistDynamicFogFallback,FogCloudAStar,fog_route_requests,30,30,0.23333333333333334,0.8,-0.5666666666666667,0.5040069329937309,0.09201865544655373,2.045229642132704,-0.7548659484151543,-0.378467384918179,-6.158171556807825,1.032991860944359e-06,-1.1243231582167843,statistically_significant,70.83333333333333
Controlled obstruction,medium,MistAStar,FogCloudAStar,route_decision_ms,30,29,574.2758620689631,626.5427008316537,-52.26683876269068,409.3745542131136,76.01894628568398,2.0484071417952454,-207.98459124603488,103.45091372065353,-0.6875501610646985,0.4973923895215849,-0.12767485967259568,not_significant,8.342103210733004
Controlled obstruction,medium,MistAStar,FogCloudAStar,ev_response_s,30,29,272.58620689655174,272.2586206896552,0.3275862068965517,1.324736241058719,0.24599734427879533,2.0484071417952454,-0.17631650998679638,0.8314889237798998,1.3316656236958784,0.1937099946039099,0.24728409833096085,not_significant,-0.12032170223545705
Controlled obstruction,medium,MistAStar,FogCloudAStar,traffic_light_wait_s,30,29,11.793103448275861,11.706896551724139,0.08620689655172414,0.30086083390715773,0.05586845429661949,2.0484071417952454,-0.02823444423053248,0.20064823733398077,1.543033499620919,0.13405040047446612,0.2865341275306264,not_significant,-0.7363770250368041
Controlled obstruction,medium,MistAStar,FogCloudAStar,ev_delay_vs_freeflow_s,30,29,143.8674240442642,143.29200258058324,0.5754214636809722,1.4627385752710504,0.27162373439957677,2.0484071417952454,0.019025466255784274,1.1318174611061602,2.1184506020909373,0.043143349584524614,0.3933864009666558,statistically_significant,-0.40157263023618733
Controlled obstruction,medium,MistAStar,FogCloudAStar,fog_route_requests,30,30,0.0,0.9666666666666667,-0.9666666666666667,0.18257418583505536,0.03333333333333333,2.045229642132704,-1.03484098807109,-0.8984923452622432,-29.0,5.696649169054284e-23,-5.2946513892166065,statistically_significant,100.0
Controlled obstruction,medium,MistDynamicAStar,FogCloudAStar,route_decision_ms,30,29,574.2758620689631,626.5427008316537,-52.26683876269068,409.3745542131136,76.01894628568398,2.0484071417952454,-207.98459124603488,103.45091372065353,-0.6875501610646985,0.4973923895215849,-0.12767485967259568,not_significant,8.342103210733004
Controlled obstruction,medium,MistDynamicAStar,FogCloudAStar,ev_response_s,30,29,158.31034482758622,272.2586206896552,-113.94827586206897,41.34509489553969,7.677591378589543,2.0484071417952454,-129.67510887375738,-98.22144285038054,-14.841669768963726,8.507310375622986e-15,-2.7560288868598466,statistically_significant,41.852954214425935
Controlled obstruction,medium,MistDynamicAStar,FogCloudAStar,traffic_light_wait_s,30,29,4.448275862068965,11.706896551724139,-7.258620689655173,28.453791076076055,5.283736356291124,2.0484071417952454,-18.0818639772451,3.5646225979347523,-1.373766630315049,0.18041351387455687,-0.25510205899270205,not_significant,62.00294550810015
Controlled obstruction,medium,MistDynamicAStar,FogCloudAStar,ev_delay_vs_freeflow_s,30,29,21.805347489544783,143.29200258058324,-121.48665509103846,22.516406778034945,4.181191771179262,2.0484071417952454,-130.05143817633757,-112.92187200573935,-29.055508988714575,1.8729243289813022e-22,-5.395472567565723,statistically_significant,84.78257886215103
Controlled obstruction,medium,MistDynamicAStar,FogCloudAStar,fog_route_requests,30,30,0.0,0.9666666666666667,-0.9666666666666667,0.18257418583505536,0.03333333333333333,2.045229642132704,-1.03484098807109,-0.8984923452622432,-29.0,5.696649169054284e-23,-5.2946513892166065,statistically_significant,100.0
Controlled obstruction,medium,MistDynamicFogFallback,FogCloudAStar,route_decision_ms,30,29,464.09588362017104,626.5427008316537,-162.44681721148274,227.70283869848595,42.28335563599004,2.0484071417952454,-249.06034487531298,-75.8332895476525,-3.841861999079703,0.0006410703176818334,-0.71341586314867,statistically_significant,25.92749336890458
Controlled obstruction,medium,MistDynamicFogFallback,FogCloudAStar,ev_response_s,30,29,158.22413793103448,272.2586206896552,-114.03448275862068,41.374364698291046,7.683026644509833,2.0484071417952454,-129.7724494078378,-98.29651610940358,-14.842390640426567,8.497008679240926e-15,-2.756162749329921,statistically_significant,41.88461782027737
Controlled obstruction,medium,MistDynamicFogFallback,FogCloudAStar,traffic_light_wait_s,30,29,4.448275862068965,11.706896551724139,-7.258620689655173,28.453791076076055,5.283736356291124,2.0484071417952454,-18.0818639772451,3.5646225979347523,-1.373766630315049,0.18041351387455687,-0.25510205899270205,not_significant,62.00294550810015
Controlled obstruction,medium,MistDynamicFogFallback,FogCloudAStar,ev_delay_vs_freeflow_s,30,29,21.855540721042175,143.29200258058324,-121.43646185954105,22.563308670173353,4.189901233901047,2.0484071417952454,-130.01908547048066,-112.85383824860143,-28.983132317531144,2.0040356574041186e-22,-5.3820325571341865,statistically_significant,84.74755022789827
Controlled obstruction,medium,MistDynamicFogFallback,FogCloudAStar,fog_route_requests,30,30,0.26666666666666666,0.9666666666666667,-0.7,0.466091599699399,0.08509629433967632,2.045229642132704,-0.8740414636191554,-0.5259585363808446,-8.225975119502044,4.538212160419277e-09,-1.501850710142508,statistically_significant,72.41379310344827
Controlled obstruction,high,MistAStar,FogCloudAStar,route_decision_ms,30,30,566.0000000000014,626.539460082334,-60.53946008233266,404.7984180631775,73.905741605203,2.045229642132704,-211.69367353709407,90.61475337242877,-0.819144206761747,0.4193852825650407,-0.14955458663102822,not_significant,9.662513526981543
Controlled obstruction,high,MistAStar,FogCloudAStar,ev_response_s,30,30,278.75,278.4166666666667,0.3333333333333333,1.7485626280942344,0.31924239820590955,2.045229642132704,-0.31959068250292516,0.9862573491695918,1.0441386708238396,0.3050473008251312,0.1906327677245594,not_significant,-0.11972463334330358
Controlled obstruction,high,MistAStar,FogCloudAStar,traffic_light_wait_s,30,30,23.183333333333334,26.483333333333334,-3.3,17.60760023986507,3.214693278302491,2.045229642132704,-9.874785983149012,3.2747859831490125,-1.0265365042050154,0.31312551861443394,-0.18741906648519457,not_significant,12.460667086217748
Controlled obstruction,high,MistAStar,FogCloudAStar,ev_delay_vs_freeflow_s,30,30,150.0339591212367,149.43335957405228,0.6005995471844159,1.708880204675043,0.31199741205818876,2.045229642132704,-0.03750680822568331,1.238705902594515,1.9250145160575938,0.06408654833461808,0.3514579579898783,not_significant,-0.40191798464304795
Controlled obstruction,high,MistAStar,FogCloudAStar,fog_route_requests,30,30,0.0,1.0,-1.0,0.0,0.0,2.045229642132704,-1.0,-1.0,NA,NA,0.0,not_applicable_zero_variance,100.0
Controlled obstruction,high,MistDynamicAStar,FogCloudAStar,route_decision_ms,30,30,566.0000000000014,626.539460082334,-60.53946008233266,404.7984180631775,73.905741605203,2.045229642132704,-211.69367353709407,90.61475337242877,-0.819144206761747,0.4193852825650407,-0.14955458663102822,not_significant,9.662513526981543
Controlled obstruction,high,MistDynamicAStar,FogCloudAStar,ev_response_s,30,30,160.05,278.4166666666667,-118.36666666666666,53.19368210691899,9.711793202239487,2.045229642132704,-138.22951400214976,-98.50381933118356,-12.187931126804877,6.205856083250573e-13,-2.2252016024901295,statistically_significant,42.514217300209516
Controlled obstruction,high,MistDynamicAStar,FogCloudAStar,traffic_light_wait_s,30,30,5.266666666666667,26.483333333333334,-21.216666666666665,43.84173797314321,8.004369616040453,2.045229642132704,-37.58744067197897,-4.8458926613543625,-2.6506355508807675,0.01287838463795376,-0.4839376276475097,statistically_significant,80.11327879169289
Controlled obstruction,high,MistDynamicAStar,FogCloudAStar,ev_delay_vs_freeflow_s,30,30,23.9043761366259,149.43335957405228,-125.52898343742638,29.58554308629288,5.401556441467874,2.045229642132704,-136.57640678516933,-114.48156008968343,-23.239409751185317,2.706905216671591e-20,-4.242916314609906,statistically_significant,84.00332013898142
Controlled obstruction,high,MistDynamicAStar,FogCloudAStar,fog_route_requests,30,30,0.0,1.0,-1.0,0.0,0.0,2.045229642132704,-1.0,-1.0,NA,NA,0.0,not_applicable_zero_variance,100.0
Controlled obstruction,high,MistDynamicFogFallback,FogCloudAStar,route_decision_ms,30,30,459.5012558552,626.539460082334,-167.038204227134,225.17106978571337,41.11042473973505,2.045229642132704,-251.11846350550576,-82.95794494876223,-4.063159290730561,0.0003369240097259209,-0.7418279994232733,statistically_significant,26.6604443725194
Controlled obstruction,high,MistDynamicFogFallback,FogCloudAStar,ev_response_s,30,30,160.08333333333334,278.4166666666667,-118.33333333333333,53.20460398365419,9.713787254992207,2.045229642132704,-138.20025896461425,-98.4664077020524,-12.1819976315127,6.280069558480866e-13,-2.2241182994180044,statistically_significant,42.502244836875185
Controlled obstruction,high,MistDynamicFogFallback,FogCloudAStar,traffic_light_wait_s,30,30,5.266666666666667,26.483333333333334,-21.216666666666665,43.84173797314321,8.004369616040453,2.045229642132704,-37.58744067197897,-4.8458926613543625,-2.6506355508807675,0.01287838463795376,-0.4839376276475097,statistically_significant,80.11327879169289
Controlled obstruction,high,MistDynamicFogFallback,FogCloudAStar,ev_delay_vs_freeflow_s,30,30,24.048747948984655,149.43335957405228,-125.38461162506762,29.601116864584196,5.404399811359786,2.045229642132704,-136.43785031719705,-114.3313729329382,-23.200469247577733,2.834986904474265e-20,-4.235806783867744,statistically_significant,83.90670729913745
Controlled obstruction,high,MistDynamicFogFallback,FogCloudAStar,fog_route_requests,30,30,0.26666666666666666,1.0,-0.7333333333333333,0.4497764451088036,0.08211756827352529,2.045229642132704,-0.9012826181062032,-0.5653840485604633,-8.930285549745877,8.052512352434439e-10,-1.6304396135194132,statistically_significant,73.33333333333334
