density,configuration,seed,accident_trigger_s,accident_detection_s,em_generation_s,ev_receipt_s,ev_departure_s,ev_arrival_s,stored_travel_time_s,stored_response_time_s,calculated_travel_time_s,calculated_response_time_s,status
high,FogCloudAStar,1,60.0,65.5,65.5,65.5254,67.0,207.0,140.0,141.5,140.0,141.5,PASS
high,FogCloudAStar,10,60.0,65.5,65.5,65.5308,67.0,207.0,140.0,141.5,140.0,141.5,PASS
high,FogCloudAStar,11,60.0,66.0,66.0,66.0372,67.5,207.5,140.0,141.5,140.0,141.5,PASS
high,FogCloudAStar,12,60.0,65.5,65.5,65.5206,67.0,207.0,140.0,141.5,140.0,141.5,PASS
high,FogCloudAStar,13,60.0,66.0,66.0,66.0391,67.5,207.5,140.0,141.5,140.0,141.5,PASS
high,FogCloudAStar,14,60.0,66.0,66.0,66.0443,67.5,207.5,140.0,141.5,140.0,141.5,PASS
high,FogCloudAStar,15,60.0,66.0,66.0,66.0326,67.5,207.5,140.0,141.5,140.0,141.5,PASS
high,FogCloudAStar,16,60.0,66.0,66.0,66.0301,67.5,207.5,140.0,141.5,140.0,141.5,PASS
high,FogCloudAStar,17,60.0,65.5,65.5,65.5295,67.0,207.0,140.0,141.5,140.0,141.5,PASS
high,FogCloudAStar,18,60.0,66.0,66.0,66.0592,67.5,207.5,140.0,141.5,140.0,141.5,PASS
high,FogCloudAStar,19,60.0,66.0,66.0,66.0259,67.5,207.5,140.0,141.5,140.0,141.5,PASS
high,FogCloudAStar,2,60.0,65.5,65.5,65.5216,67.0,208.5,141.5,143.0,141.5,143.0,PASS
high,FogCloudAStar,20,60.0,66.0,66.0,66.0324,67.5,207.5,140.0,141.5,140.0,141.5,PASS
high,FogCloudAStar,21,60.0,66.0,66.0,66.0288,67.5,207.5,140.0,141.5,140.0,141.5,PASS
high,FogCloudAStar,22,60.0,66.5,66.5,66.5253,68.0,218.0,150.0,151.5,150.0,151.5,PASS
high,FogCloudAStar,23,60.0,65.5,65.5,65.527,67.0,207.0,140.0,141.5,140.0,141.5,PASS
high,FogCloudAStar,24,60.0,66.0,66.0,66.0386,67.5,207.5,140.0,141.5,140.0,141.5,PASS
high,FogCloudAStar,25,60.0,65.5,65.5,65.5254,67.0,207.0,140.0,141.5,140.0,141.5,PASS
high,FogCloudAStar,26,60.0,66.0,66.0,66.0381,67.5,214.5,147.0,148.5,147.0,148.5,PASS
high,FogCloudAStar,27,60.0,66.0,66.0,66.0268,67.5,207.5,140.0,141.5,140.0,141.5,PASS
high,FogCloudAStar,28,60.0,66.0,66.0,66.0285,67.5,207.5,140.0,141.5,140.0,141.5,PASS
high,FogCloudAStar,29,60.0,66.0,66.0,66.0289,67.5,207.5,140.0,141.5,140.0,141.5,PASS
high,FogCloudAStar,3,60.0,65.5,65.5,65.5219,67.0,207.0,140.0,141.5,140.0,141.5,PASS
high,FogCloudAStar,30,60.0,66.0,66.0,66.0367,67.5,213.0,145.5,147.0,145.5,147.0,PASS
high,FogCloudAStar,4,60.0,65.5,65.5,65.5334,67.0,207.0,140.0,141.5,140.0,141.5,PASS
high,FogCloudAStar,5,60.0,66.0,66.0,66.0337,67.5,207.5,140.0,141.5,140.0,141.5,PASS
high,FogCloudAStar,6,60.0,66.0,66.0,66.0375,67.5,208.0,140.5,142.0,140.5,142.0,PASS
high,FogCloudAStar,7,60.0,66.0,66.0,66.0289,67.5,207.5,140.0,141.5,140.0,141.5,PASS
high,FogCloudAStar,8,60.0,65.5,65.5,65.5394,67.0,207.0,140.0,141.5,140.0,141.5,PASS
high,FogCloudAStar,9,60.0,66.0,66.0,66.0374,67.5,213.5,146.0,147.5,146.0,147.5,PASS
low,FogCloudAStar,1,60.0,66.0,66.0,66.0516,67.5,207.5,140.0,141.5,140.0,141.5,PASS
low,FogCloudAStar,10,60.0,65.5,65.5,65.5576,67.0,207.0,140.0,141.5,140.0,141.5,PASS
low,FogCloudAStar,11,60.0,66.0,66.0,66.0315,67.5,207.5,140.0,141.5,140.0,141.5,PASS
low,FogCloudAStar,12,60.0,65.5,65.5,,,,,,,,NOT_APPLICABLE_NETWORK_PARTITION
low,FogCloudAStar,13,60.0,66.0,66.0,66.051,67.5,209.5,142.0,143.5,142.0,143.5,PASS
low,FogCloudAStar,14,60.0,66.0,66.0,66.0423,67.5,207.5,140.0,141.5,140.0,141.5,PASS
low,FogCloudAStar,15,60.0,66.0,66.0,66.0434,67.5,207.5,140.0,141.5,140.0,141.5,PASS
low,FogCloudAStar,16,60.0,66.0,66.0,66.054,67.5,207.5,140.0,141.5,140.0,141.5,PASS
low,FogCloudAStar,17,60.0,66.0,66.0,66.0416,67.5,207.5,140.0,141.5,140.0,141.5,PASS
low,FogCloudAStar,18,60.0,65.5,65.5,,,,,,,,NOT_APPLICABLE_NETWORK_PARTITION
low,FogCloudAStar,19,60.0,66.0,66.0,66.0342,67.5,207.5,140.0,141.5,140.0,141.5,PASS
low,FogCloudAStar,2,60.0,66.0,66.0,66.0476,67.5,207.5,140.0,141.5,140.0,141.5,PASS
low,FogCloudAStar,20,60.0,65.5,65.5,65.5383,67.0,207.0,140.0,141.5,140.0,141.5,PASS
low,FogCloudAStar,21,60.0,66.0,66.0,66.0556,67.5,209.5,142.0,143.5,142.0,143.5,PASS
low,FogCloudAStar,22,60.0,66.0,66.0,66.0308,67.5,207.5,140.0,141.5,140.0,141.5,PASS
low,FogCloudAStar,23,60.0,65.5,65.5,,,,,,,,NOT_APPLICABLE_NETWORK_PARTITION
low,FogCloudAStar,24,60.0,66.0,66.0,66.0364,67.5,207.5,140.0,141.5,140.0,141.5,PASS
low,FogCloudAStar,25,60.0,65.5,65.5,,,,,,,,NOT_APPLICABLE_NETWORK_PARTITION
low,FogCloudAStar,26,60.0,65.5,65.5,65.5603,67.0,207.0,140.0,141.5,140.0,141.5,PASS
low,FogCloudAStar,27,60.0,67.5,67.5,67.5326,69.0,209.0,140.0,141.5,140.0,141.5,PASS
low,FogCloudAStar,28,60.0,66.0,66.0,,,,,,,,NOT_APPLICABLE_NETWORK_PARTITION
low,FogCloudAStar,29,60.0,66.0,66.0,66.0493,67.5,207.5,140.0,141.5,140.0,141.5,PASS
low,FogCloudAStar,3,60.0,66.0,66.0,66.0498,67.5,207.5,140.0,141.5,140.0,141.5,PASS
low,FogCloudAStar,30,60.0,66.0,66.0,66.043,67.5,207.5,140.0,141.5,140.0,141.5,PASS
low,FogCloudAStar,4,60.0,66.0,66.0,66.0533,67.5,207.5,140.0,141.5,140.0,141.5,PASS
low,FogCloudAStar,5,60.0,65.5,65.5,65.5294,67.0,207.0,140.0,141.5,140.0,141.5,PASS
low,FogCloudAStar,6,60.0,66.0,66.0,,,,,,,,NOT_APPLICABLE_NETWORK_PARTITION
low,FogCloudAStar,7,60.0,66.0,66.0,66.0335,67.5,207.5,140.0,141.5,140.0,141.5,PASS
low,FogCloudAStar,8,60.0,66.0,66.0,66.0566,67.5,207.5,140.0,141.5,140.0,141.5,PASS
low,FogCloudAStar,9,60.0,66.0,66.0,66.041,67.5,207.5,140.0,141.5,140.0,141.5,PASS
medium,FogCloudAStar,1,60.0,67.0,67.0,67.033,68.5,208.5,140.0,141.5,140.0,141.5,PASS
medium,FogCloudAStar,10,60.0,65.5,65.5,65.5361,67.0,207.0,140.0,141.5,140.0,141.5,PASS
medium,FogCloudAStar,11,60.0,66.0,66.0,66.032,67.5,207.5,140.0,141.5,140.0,141.5,PASS
medium,FogCloudAStar,12,60.0,65.5,65.5,65.5278,67.0,207.0,140.0,141.5,140.0,141.5,PASS
medium,FogCloudAStar,13,60.0,67.5,67.5,67.5338,69.0,209.0,140.0,141.5,140.0,141.5,PASS
medium,FogCloudAStar,14,60.0,66.0,66.0,66.0447,67.5,207.5,140.0,141.5,140.0,141.5,PASS
medium,FogCloudAStar,15,60.0,66.0,66.0,66.057,67.5,207.5,140.0,141.5,140.0,141.5,PASS
medium,FogCloudAStar,16,60.0,65.5,65.5,65.5236,67.0,207.0,140.0,141.5,140.0,141.5,PASS
medium,FogCloudAStar,17,60.0,68.0,68.0,68.0338,69.5,209.5,140.0,141.5,140.0,141.5,PASS
medium,FogCloudAStar,18,60.0,66.0,66.0,66.0404,67.5,207.5,140.0,141.5,140.0,141.5,PASS
medium,FogCloudAStar,19,60.0,66.0,66.0,66.0497,67.5,208.0,140.5,142.0,140.5,142.0,PASS
medium,FogCloudAStar,2,60.0,67.5,67.5,67.5283,69.0,209.0,140.0,141.5,140.0,141.5,PASS
medium,FogCloudAStar,20,60.0,65.5,65.5,65.5439,67.0,207.0,140.0,141.5,140.0,141.5,PASS
medium,FogCloudAStar,21,60.0,66.0,66.0,66.0353,67.5,207.5,140.0,141.5,140.0,141.5,PASS
medium,FogCloudAStar,22,60.0,65.5,65.5,65.5416,67.0,207.0,140.0,141.5,140.0,141.5,PASS
medium,FogCloudAStar,23,60.0,66.0,66.0,66.0291,67.5,207.5,140.0,141.5,140.0,141.5,PASS
medium,FogCloudAStar,24,60.0,66.0,66.0,66.0443,67.5,207.5,140.0,141.5,140.0,141.5,PASS
medium,FogCloudAStar,25,60.0,65.5,65.5,,,,,,,,NOT_APPLICABLE_NETWORK_PARTITION
medium,FogCloudAStar,26,60.0,66.0,66.0,66.039,67.5,207.5,140.0,141.5,140.0,141.5,PASS
medium,FogCloudAStar,27,60.0,66.0,66.0,66.0283,67.5,207.5,140.0,141.5,140.0,141.5,PASS
medium,FogCloudAStar,28,60.0,66.0,66.0,66.0445,67.5,207.5,140.0,141.5,140.0,141.5,PASS
medium,FogCloudAStar,29,60.0,66.0,66.0,66.0283,67.5,207.5,140.0,141.5,140.0,141.5,PASS
medium,FogCloudAStar,3,60.0,65.5,65.5,65.5313,67.0,207.0,140.0,141.5,140.0,141.5,PASS
medium,FogCloudAStar,30,60.0,65.5,65.5,65.5247,67.0,207.0,140.0,141.5,140.0,141.5,PASS
medium,FogCloudAStar,4,60.0,65.5,65.5,65.5388,67.0,207.0,140.0,141.5,140.0,141.5,PASS
medium,FogCloudAStar,5,60.0,65.5,65.5,65.5301,67.0,207.0,140.0,141.5,140.0,141.5,PASS
medium,FogCloudAStar,6,60.0,66.0,66.0,66.0484,67.5,207.5,140.0,141.5,140.0,141.5,PASS
medium,FogCloudAStar,7,60.0,66.0,66.0,66.0399,67.5,207.5,140.0,141.5,140.0,141.5,PASS
medium,FogCloudAStar,8,60.0,66.0,66.0,66.0318,67.5,207.5,140.0,141.5,140.0,141.5,PASS
medium,FogCloudAStar,9,60.0,66.0,66.0,66.0571,67.5,207.5,140.0,141.5,140.0,141.5,PASS
high,MistAStar,1,60.0,65.5,65.5,65.5254,67.5,207.5,140.0,142.0,140.0,142.0,PASS
high,MistAStar,10,60.0,65.5,65.5,65.5308,67.0,207.0,140.0,141.5,140.0,141.5,PASS
high,MistAStar,11,60.0,66.0,66.0,66.0372,68.0,208.0,140.0,142.0,140.0,142.0,PASS
high,MistAStar,12,60.0,65.5,65.5,65.5206,67.5,207.5,140.0,142.0,140.0,142.0,PASS
high,MistAStar,13,60.0,66.0,66.0,66.0391,68.0,208.0,140.0,142.0,140.0,142.0,PASS
high,MistAStar,14,60.0,66.0,66.0,66.0443,68.0,208.0,140.0,142.0,140.0,142.0,PASS
high,MistAStar,15,60.0,66.0,66.0,66.0326,67.5,207.5,140.0,141.5,140.0,141.5,PASS
high,MistAStar,16,60.0,66.0,66.0,66.0301,68.0,208.0,140.0,142.0,140.0,142.0,PASS
high,MistAStar,17,60.0,65.5,65.5,65.5295,67.0,207.0,140.0,141.5,140.0,141.5,PASS
high,MistAStar,18,60.0,66.0,66.0,66.0592,67.5,207.5,140.0,141.5,140.0,141.5,PASS
high,MistAStar,19,60.0,66.0,66.0,66.0259,68.0,208.0,140.0,142.0,140.0,142.0,PASS
high,MistAStar,2,60.0,65.5,65.5,65.5216,67.5,208.5,141.0,143.0,141.0,143.0,PASS
high,MistAStar,20,60.0,66.0,66.0,66.0324,67.5,207.5,140.0,141.5,140.0,141.5,PASS
high,MistAStar,21,60.0,66.0,66.0,66.0288,68.0,208.0,140.0,142.0,140.0,142.0,PASS
high,MistAStar,22,60.0,66.5,66.5,66.5253,68.5,218.0,149.5,151.5,149.5,151.5,PASS
high,MistAStar,23,60.0,65.5,65.5,65.527,67.5,207.5,140.0,142.0,140.0,142.0,PASS
high,MistAStar,24,60.0,66.0,66.0,66.0386,67.5,207.5,140.0,141.5,140.0,141.5,PASS
high,MistAStar,25,60.0,65.5,65.5,65.5254,67.5,207.5,140.0,142.0,140.0,142.0,PASS
high,MistAStar,26,60.0,66.0,66.0,66.0381,68.0,214.5,146.5,148.5,146.5,148.5,PASS
high,MistAStar,27,60.0,66.0,66.0,66.0268,68.0,208.0,140.0,142.0,140.0,142.0,PASS
high,MistAStar,28,60.0,66.0,66.0,66.0285,68.0,208.0,140.0,142.0,140.0,142.0,PASS
high,MistAStar,29,60.0,66.0,66.0,66.0289,68.0,208.0,140.0,142.0,140.0,142.0,PASS
high,MistAStar,3,60.0,65.5,65.5,65.5219,67.0,207.0,140.0,141.5,140.0,141.5,PASS
high,MistAStar,30,60.0,66.0,66.0,66.0367,68.0,212.5,144.5,146.5,144.5,146.5,PASS
high,MistAStar,4,60.0,65.5,65.5,65.5334,67.5,207.5,140.0,142.0,140.0,142.0,PASS
high,MistAStar,5,60.0,66.0,66.0,66.0337,67.5,207.5,140.0,141.5,140.0,141.5,PASS
high,MistAStar,6,60.0,66.0,66.0,66.0375,68.0,208.0,140.0,142.0,140.0,142.0,PASS
high,MistAStar,7,60.0,66.0,66.0,66.0289,67.5,207.5,140.0,141.5,140.0,141.5,PASS
high,MistAStar,8,60.0,65.5,65.5,65.5394,67.0,207.0,140.0,141.5,140.0,141.5,PASS
high,MistAStar,9,60.0,66.0,66.0,66.0374,68.0,213.5,145.5,147.5,145.5,147.5,PASS
low,MistAStar,1,60.0,66.0,66.0,66.0516,67.5,207.5,140.0,141.5,140.0,141.5,PASS
low,MistAStar,10,60.0,65.5,65.5,65.5576,67.0,207.0,140.0,141.5,140.0,141.5,PASS
low,MistAStar,11,60.0,66.0,66.0,66.0315,67.5,207.5,140.0,141.5,140.0,141.5,PASS
low,MistAStar,12,60.0,65.5,65.5,,,,,,,,NOT_APPLICABLE_NETWORK_PARTITION
low,MistAStar,13,60.0,66.0,66.0,66.051,67.5,209.5,142.0,143.5,142.0,143.5,PASS
low,MistAStar,14,60.0,66.0,66.0,66.0423,67.5,207.5,140.0,141.5,140.0,141.5,PASS
low,MistAStar,15,60.0,66.0,66.0,66.0434,67.0,207.0,140.0,141.0,140.0,141.0,PASS
low,MistAStar,16,60.0,66.0,66.0,66.054,67.5,207.5,140.0,141.5,140.0,141.5,PASS
low,MistAStar,17,60.0,66.0,66.0,66.0416,67.5,207.5,140.0,141.5,140.0,141.5,PASS
low,MistAStar,18,60.0,65.5,65.5,,,,,,,,NOT_APPLICABLE_NETWORK_PARTITION
low,MistAStar,19,60.0,66.0,66.0,66.0342,67.5,207.5,140.0,141.5,140.0,141.5,PASS
low,MistAStar,2,60.0,66.0,66.0,66.0476,67.5,207.5,140.0,141.5,140.0,141.5,PASS
low,MistAStar,20,60.0,65.5,65.5,65.5383,67.0,207.0,140.0,141.5,140.0,141.5,PASS
low,MistAStar,21,60.0,66.0,66.0,66.0556,67.5,209.5,142.0,143.5,142.0,143.5,PASS
low,MistAStar,22,60.0,66.0,66.0,66.0308,67.0,207.0,140.0,141.0,140.0,141.0,PASS
low,MistAStar,23,60.0,65.5,65.5,,,,,,,,NOT_APPLICABLE_NETWORK_PARTITION
low,MistAStar,24,60.0,66.0,66.0,66.0364,67.5,207.5,140.0,141.5,140.0,141.5,PASS
low,MistAStar,25,60.0,65.5,65.5,,,,,,,,NOT_APPLICABLE_NETWORK_PARTITION
low,MistAStar,26,60.0,65.5,65.5,65.5603,67.0,207.0,140.0,141.5,140.0,141.5,PASS
low,MistAStar,27,60.0,67.5,67.5,67.5326,69.0,209.0,140.0,141.5,140.0,141.5,PASS
low,MistAStar,28,60.0,66.0,66.0,,,,,,,,NOT_APPLICABLE_NETWORK_PARTITION
low,MistAStar,29,60.0,66.0,66.0,66.0493,67.5,207.5,140.0,141.5,140.0,141.5,PASS
low,MistAStar,3,60.0,66.0,66.0,66.0498,67.5,207.5,140.0,141.5,140.0,141.5,PASS
low,MistAStar,30,60.0,66.0,66.0,66.043,67.5,207.5,140.0,141.5,140.0,141.5,PASS
low,MistAStar,4,60.0,66.0,66.0,66.0533,67.5,207.5,140.0,141.5,140.0,141.5,PASS
low,MistAStar,5,60.0,65.5,65.5,65.5294,66.5,206.5,140.0,141.0,140.0,141.0,PASS
low,MistAStar,6,60.0,66.0,66.0,,,,,,,,NOT_APPLICABLE_NETWORK_PARTITION
low,MistAStar,7,60.0,66.0,66.0,66.0335,67.5,207.5,140.0,141.5,140.0,141.5,PASS
low,MistAStar,8,60.0,66.0,66.0,66.0566,67.5,207.5,140.0,141.5,140.0,141.5,PASS
low,MistAStar,9,60.0,66.0,66.0,66.041,67.5,207.5,140.0,141.5,140.0,141.5,PASS
medium,MistAStar,1,60.0,67.0,67.0,67.033,69.0,209.0,140.0,142.0,140.0,142.0,PASS
medium,MistAStar,10,60.0,65.5,65.5,65.5361,67.0,207.0,140.0,141.5,140.0,141.5,PASS
medium,MistAStar,11,60.0,66.0,66.0,66.032,68.0,208.0,140.0,142.0,140.0,142.0,PASS
medium,MistAStar,12,60.0,65.5,65.5,65.5278,67.0,207.0,140.0,141.5,140.0,141.5,PASS
medium,MistAStar,13,60.0,67.5,67.5,67.5338,69.0,209.0,140.0,141.5,140.0,141.5,PASS
medium,MistAStar,14,60.0,66.0,66.0,66.0447,67.5,207.5,140.0,141.5,140.0,141.5,PASS
medium,MistAStar,15,60.0,66.0,66.0,66.057,67.5,207.5,140.0,141.5,140.0,141.5,PASS
medium,MistAStar,16,60.0,65.5,65.5,65.5236,67.0,207.0,140.0,141.5,140.0,141.5,PASS
medium,MistAStar,17,60.0,68.0,68.0,68.0338,69.5,209.5,140.0,141.5,140.0,141.5,PASS
medium,MistAStar,18,60.0,66.0,66.0,66.0404,67.5,207.5,140.0,141.5,140.0,141.5,PASS
medium,MistAStar,19,60.0,66.0,66.0,66.0497,67.5,208.0,140.5,142.0,140.5,142.0,PASS
medium,MistAStar,2,60.0,67.5,67.5,67.5283,69.0,209.0,140.0,141.5,140.0,141.5,PASS
medium,MistAStar,20,60.0,65.5,65.5,65.5439,67.0,207.0,140.0,141.5,140.0,141.5,PASS
medium,MistAStar,21,60.0,66.0,66.0,66.0353,68.0,208.0,140.0,142.0,140.0,142.0,PASS
medium,MistAStar,22,60.0,65.5,65.5,65.5416,67.0,207.5,140.5,142.0,140.5,142.0,PASS
medium,MistAStar,23,60.0,66.0,66.0,66.0291,68.0,208.0,140.0,142.0,140.0,142.0,PASS
medium,MistAStar,24,60.0,66.0,66.0,66.0443,67.5,207.5,140.0,141.5,140.0,141.5,PASS
medium,MistAStar,25,60.0,65.5,65.5,,,,,,,,NOT_APPLICABLE_NETWORK_PARTITION
medium,MistAStar,26,60.0,66.0,66.0,66.039,68.0,208.0,140.0,142.0,140.0,142.0,PASS
medium,MistAStar,27,60.0,66.0,66.0,66.0283,67.5,207.5,140.0,141.5,140.0,141.5,PASS
medium,MistAStar,28,60.0,66.0,66.0,66.0445,67.5,207.5,140.0,141.5,140.0,141.5,PASS
medium,MistAStar,29,60.0,66.0,66.0,66.0283,68.0,208.0,140.0,142.0,140.0,142.0,PASS
medium,MistAStar,3,60.0,65.5,65.5,65.5313,67.0,207.0,140.0,141.5,140.0,141.5,PASS
medium,MistAStar,30,60.0,65.5,65.5,65.5247,67.5,207.5,140.0,142.0,140.0,142.0,PASS
medium,MistAStar,4,60.0,65.5,65.5,65.5388,67.0,207.0,140.0,141.5,140.0,141.5,PASS
medium,MistAStar,5,60.0,65.5,65.5,65.5301,67.0,207.0,140.0,141.5,140.0,141.5,PASS
medium,MistAStar,6,60.0,66.0,66.0,66.0484,67.5,207.5,140.0,141.5,140.0,141.5,PASS
medium,MistAStar,7,60.0,66.0,66.0,66.0399,67.5,207.5,140.0,141.5,140.0,141.5,PASS
medium,MistAStar,8,60.0,66.0,66.0,66.0318,67.5,207.5,140.0,141.5,140.0,141.5,PASS
medium,MistAStar,9,60.0,66.0,66.0,66.0571,67.5,207.5,140.0,141.5,140.0,141.5,PASS
high,MistDynamicAStar,1,60.0,65.5,65.5,65.5254,67.5,207.5,140.0,142.0,140.0,142.0,PASS
high,MistDynamicAStar,10,60.0,65.5,65.5,65.5308,67.0,207.0,140.0,141.5,140.0,141.5,PASS
high,MistDynamicAStar,11,60.0,66.0,66.0,66.0372,68.0,208.0,140.0,142.0,140.0,142.0,PASS
high,MistDynamicAStar,12,60.0,65.5,65.5,65.5206,67.5,207.5,140.0,142.0,140.0,142.0,PASS
high,MistDynamicAStar,13,60.0,66.0,66.0,66.0391,68.0,208.0,140.0,142.0,140.0,142.0,PASS
high,MistDynamicAStar,14,60.0,66.0,66.0,66.0443,68.0,208.0,140.0,142.0,140.0,142.0,PASS
high,MistDynamicAStar,15,60.0,66.0,66.0,66.0326,67.5,207.5,140.0,141.5,140.0,141.5,PASS
high,MistDynamicAStar,16,60.0,66.0,66.0,66.0301,68.0,208.0,140.0,142.0,140.0,142.0,PASS
high,MistDynamicAStar,17,60.0,65.5,65.5,65.5295,67.0,207.0,140.0,141.5,140.0,141.5,PASS
high,MistDynamicAStar,18,60.0,66.0,66.0,66.0592,67.5,207.5,140.0,141.5,140.0,141.5,PASS
high,MistDynamicAStar,19,60.0,66.0,66.0,66.0259,68.0,208.0,140.0,142.0,140.0,142.0,PASS
high,MistDynamicAStar,2,60.0,65.5,65.5,65.5216,67.5,208.5,141.0,143.0,141.0,143.0,PASS
high,MistDynamicAStar,20,60.0,66.0,66.0,66.0324,67.5,207.5,140.0,141.5,140.0,141.5,PASS
high,MistDynamicAStar,21,60.0,66.0,66.0,66.0288,68.0,208.0,140.0,142.0,140.0,142.0,PASS
high,MistDynamicAStar,22,60.0,66.5,66.5,66.5253,68.5,209.0,140.5,142.5,140.5,142.5,PASS
high,MistDynamicAStar,23,60.0,65.5,65.5,65.527,67.5,208.5,141.0,143.0,141.0,143.0,PASS
high,MistDynamicAStar,24,60.0,66.0,66.0,66.0386,67.5,207.5,140.0,141.5,140.0,141.5,PASS
high,MistDynamicAStar,25,60.0,65.5,65.5,65.5254,67.5,210.5,143.0,145.0,143.0,145.0,PASS
high,MistDynamicAStar,26,60.0,66.0,66.0,66.0381,68.0,214.5,146.5,148.5,146.5,148.5,PASS
high,MistDynamicAStar,27,60.0,66.0,66.0,66.0268,68.0,206.5,138.5,140.5,138.5,140.5,PASS
high,MistDynamicAStar,28,60.0,66.0,66.0,66.0285,68.0,208.0,140.0,142.0,140.0,142.0,PASS
high,MistDynamicAStar,29,60.0,66.0,66.0,66.0289,68.0,208.0,140.0,142.0,140.0,142.0,PASS
high,MistDynamicAStar,3,60.0,65.5,65.5,65.5219,67.0,207.0,140.0,141.5,140.0,141.5,PASS
high,MistDynamicAStar,30,60.0,66.0,66.0,66.0367,68.0,212.5,144.5,146.5,144.5,146.5,PASS
high,MistDynamicAStar,4,60.0,65.5,65.5,65.5334,67.5,207.5,140.0,142.0,140.0,142.0,PASS
high,MistDynamicAStar,5,60.0,66.0,66.0,66.0337,67.5,215.5,148.0,149.5,148.0,149.5,PASS
high,MistDynamicAStar,6,60.0,66.0,66.0,66.0375,68.0,208.0,140.0,142.0,140.0,142.0,PASS
high,MistDynamicAStar,7,60.0,66.0,66.0,66.0289,67.5,207.5,140.0,141.5,140.0,141.5,PASS
high,MistDynamicAStar,8,60.0,65.5,65.5,65.5394,67.0,204.5,137.5,139.0,137.5,139.0,PASS
high,MistDynamicAStar,9,60.0,66.0,66.0,66.0374,68.0,213.5,145.5,147.5,145.5,147.5,PASS
low,MistDynamicAStar,1,60.0,66.0,66.0,66.0516,67.5,207.5,140.0,141.5,140.0,141.5,PASS
low,MistDynamicAStar,10,60.0,65.5,65.5,65.5576,67.0,207.0,140.0,141.5,140.0,141.5,PASS
low,MistDynamicAStar,11,60.0,66.0,66.0,66.0315,67.5,208.0,140.5,142.0,140.5,142.0,PASS
low,MistDynamicAStar,12,60.0,65.5,65.5,,,,,,,,NOT_APPLICABLE_NETWORK_PARTITION
low,MistDynamicAStar,13,60.0,66.0,66.0,66.051,67.5,209.5,142.0,143.5,142.0,143.5,PASS
low,MistDynamicAStar,14,60.0,66.0,66.0,66.0423,67.5,207.5,140.0,141.5,140.0,141.5,PASS
low,MistDynamicAStar,15,60.0,66.0,66.0,66.0434,67.0,207.0,140.0,141.0,140.0,141.0,PASS
low,MistDynamicAStar,16,60.0,66.0,66.0,66.054,67.5,207.5,140.0,141.5,140.0,141.5,PASS
low,MistDynamicAStar,17,60.0,66.0,66.0,66.0416,67.5,207.5,140.0,141.5,140.0,141.5,PASS
low,MistDynamicAStar,18,60.0,65.5,65.5,,,,,,,,NOT_APPLICABLE_NETWORK_PARTITION
low,MistDynamicAStar,19,60.0,66.0,66.0,66.0342,67.5,207.5,140.0,141.5,140.0,141.5,PASS
low,MistDynamicAStar,2,60.0,66.0,66.0,66.0476,67.5,207.5,140.0,141.5,140.0,141.5,PASS
low,MistDynamicAStar,20,60.0,65.5,65.5,65.5383,67.0,207.0,140.0,141.5,140.0,141.5,PASS
low,MistDynamicAStar,21,60.0,66.0,66.0,66.0556,67.5,209.5,142.0,143.5,142.0,143.5,PASS
low,MistDynamicAStar,22,60.0,66.0,66.0,66.0308,67.0,207.0,140.0,141.0,140.0,141.0,PASS
low,MistDynamicAStar,23,60.0,65.5,65.5,,,,,,,,NOT_APPLICABLE_NETWORK_PARTITION
low,MistDynamicAStar,24,60.0,66.0,66.0,66.0364,67.5,207.5,140.0,141.5,140.0,141.5,PASS
low,MistDynamicAStar,25,60.0,65.5,65.5,,,,,,,,NOT_APPLICABLE_NETWORK_PARTITION
low,MistDynamicAStar,26,60.0,65.5,65.5,65.5603,67.0,207.0,140.0,141.5,140.0,141.5,PASS
low,MistDynamicAStar,27,60.0,67.5,67.5,67.5326,69.0,209.5,140.5,142.0,140.5,142.0,PASS
low,MistDynamicAStar,28,60.0,66.0,66.0,,,,,,,,NOT_APPLICABLE_NETWORK_PARTITION
low,MistDynamicAStar,29,60.0,66.0,66.0,66.0493,67.5,207.5,140.0,141.5,140.0,141.5,PASS
low,MistDynamicAStar,3,60.0,66.0,66.0,66.0498,67.5,207.5,140.0,141.5,140.0,141.5,PASS
low,MistDynamicAStar,30,60.0,66.0,66.0,66.043,67.5,207.5,140.0,141.5,140.0,141.5,PASS
low,MistDynamicAStar,4,60.0,66.0,66.0,66.0533,67.5,207.5,140.0,141.5,140.0,141.5,PASS
low,MistDynamicAStar,5,60.0,65.5,65.5,65.5294,66.5,206.5,140.0,141.0,140.0,141.0,PASS
low,MistDynamicAStar,6,60.0,66.0,66.0,,,,,,,,NOT_APPLICABLE_NETWORK_PARTITION
low,MistDynamicAStar,7,60.0,66.0,66.0,66.0335,67.5,207.5,140.0,141.5,140.0,141.5,PASS
low,MistDynamicAStar,8,60.0,66.0,66.0,66.0566,67.5,208.0,140.5,142.0,140.5,142.0,PASS
low,MistDynamicAStar,9,60.0,66.0,66.0,66.041,67.5,207.5,140.0,141.5,140.0,141.5,PASS
medium,MistDynamicAStar,1,60.0,67.0,67.0,67.033,69.0,209.0,140.0,142.0,140.0,142.0,PASS
medium,MistDynamicAStar,10,60.0,65.5,65.5,65.5361,67.0,207.0,140.0,141.5,140.0,141.5,PASS
medium,MistDynamicAStar,11,60.0,66.0,66.0,66.032,68.0,208.0,140.0,142.0,140.0,142.0,PASS
medium,MistDynamicAStar,12,60.0,65.5,65.5,65.5278,67.0,207.0,140.0,141.5,140.0,141.5,PASS
medium,MistDynamicAStar,13,60.0,67.5,67.5,67.5338,69.0,209.0,140.0,141.5,140.0,141.5,PASS
medium,MistDynamicAStar,14,60.0,66.0,66.0,66.0447,67.5,207.5,140.0,141.5,140.0,141.5,PASS
medium,MistDynamicAStar,15,60.0,66.0,66.0,66.057,67.5,207.5,140.0,141.5,140.0,141.5,PASS
medium,MistDynamicAStar,16,60.0,65.5,65.5,65.5236,67.0,207.0,140.0,141.5,140.0,141.5,PASS
medium,MistDynamicAStar,17,60.0,68.0,68.0,68.0338,69.5,209.5,140.0,141.5,140.0,141.5,PASS
medium,MistDynamicAStar,18,60.0,66.0,66.0,66.0404,67.5,210.0,142.5,144.0,142.5,144.0,PASS
medium,MistDynamicAStar,19,60.0,66.0,66.0,66.0497,67.5,208.0,140.5,142.0,140.5,142.0,PASS
medium,MistDynamicAStar,2,60.0,67.5,67.5,67.5283,69.0,209.0,140.0,141.5,140.0,141.5,PASS
medium,MistDynamicAStar,20,60.0,65.5,65.5,65.5439,67.0,207.5,140.5,142.0,140.5,142.0,PASS
medium,MistDynamicAStar,21,60.0,66.0,66.0,66.0353,68.0,208.0,140.0,142.0,140.0,142.0,PASS
medium,MistDynamicAStar,22,60.0,65.5,65.5,65.5416,67.0,207.5,140.5,142.0,140.5,142.0,PASS
medium,MistDynamicAStar,23,60.0,66.0,66.0,66.0291,68.0,208.5,140.5,142.5,140.5,142.5,PASS
medium,MistDynamicAStar,24,60.0,66.0,66.0,66.0443,67.5,207.5,140.0,141.5,140.0,141.5,PASS
medium,MistDynamicAStar,25,60.0,65.5,65.5,,,,,,,,NOT_APPLICABLE_NETWORK_PARTITION
medium,MistDynamicAStar,26,60.0,66.0,66.0,66.039,68.0,208.0,140.0,142.0,140.0,142.0,PASS
medium,MistDynamicAStar,27,60.0,66.0,66.0,66.0283,67.5,208.0,140.5,142.0,140.5,142.0,PASS
medium,MistDynamicAStar,28,60.0,66.0,66.0,66.0445,67.5,207.5,140.0,141.5,140.0,141.5,PASS
medium,MistDynamicAStar,29,60.0,66.0,66.0,66.0283,68.0,208.0,140.0,142.0,140.0,142.0,PASS
medium,MistDynamicAStar,3,60.0,65.5,65.5,65.5313,67.0,207.0,140.0,141.5,140.0,141.5,PASS
medium,MistDynamicAStar,30,60.0,65.5,65.5,65.5247,67.5,207.5,140.0,142.0,140.0,142.0,PASS
medium,MistDynamicAStar,4,60.0,65.5,65.5,65.5388,67.0,207.0,140.0,141.5,140.0,141.5,PASS
medium,MistDynamicAStar,5,60.0,65.5,65.5,65.5301,67.0,204.5,137.5,139.0,137.5,139.0,PASS
medium,MistDynamicAStar,6,60.0,66.0,66.0,66.0484,67.5,207.5,140.0,141.5,140.0,141.5,PASS
medium,MistDynamicAStar,7,60.0,66.0,66.0,66.0399,67.5,207.5,140.0,141.5,140.0,141.5,PASS
medium,MistDynamicAStar,8,60.0,66.0,66.0,66.0318,67.5,208.0,140.5,142.0,140.5,142.0,PASS
medium,MistDynamicAStar,9,60.0,66.0,66.0,66.0571,67.5,207.5,140.0,141.5,140.0,141.5,PASS
high,MistDynamicFogFallback,1,60.0,65.5,65.5,65.5254,67.5,207.5,140.0,142.0,140.0,142.0,PASS
high,MistDynamicFogFallback,10,60.0,65.5,65.5,65.5308,67.0,207.0,140.0,141.5,140.0,141.5,PASS
high,MistDynamicFogFallback,11,60.0,66.0,66.0,66.0372,68.0,208.0,140.0,142.0,140.0,142.0,PASS
high,MistDynamicFogFallback,12,60.0,65.5,65.5,65.5206,67.5,207.5,140.0,142.0,140.0,142.0,PASS
high,MistDynamicFogFallback,13,60.0,66.0,66.0,66.0391,68.0,208.0,140.0,142.0,140.0,142.0,PASS
high,MistDynamicFogFallback,14,60.0,66.0,66.0,66.0443,68.0,208.0,140.0,142.0,140.0,142.0,PASS
high,MistDynamicFogFallback,15,60.0,66.0,66.0,66.0326,68.0,208.0,140.0,142.0,140.0,142.0,PASS
high,MistDynamicFogFallback,16,60.0,66.0,66.0,66.0301,68.0,208.0,140.0,142.0,140.0,142.0,PASS
high,MistDynamicFogFallback,17,60.0,65.5,65.5,65.5295,67.5,207.5,140.0,142.0,140.0,142.0,PASS
high,MistDynamicFogFallback,18,60.0,66.0,66.0,66.0592,68.0,208.0,140.0,142.0,140.0,142.0,PASS
high,MistDynamicFogFallback,19,60.0,66.0,66.0,66.0259,68.0,208.0,140.0,142.0,140.0,142.0,PASS
high,MistDynamicFogFallback,2,60.0,65.5,65.5,65.5216,67.5,208.5,141.0,143.0,141.0,143.0,PASS
high,MistDynamicFogFallback,20,60.0,66.0,66.0,66.0324,67.5,207.5,140.0,141.5,140.0,141.5,PASS
high,MistDynamicFogFallback,21,60.0,66.0,66.0,66.0288,68.0,208.0,140.0,142.0,140.0,142.0,PASS
high,MistDynamicFogFallback,22,60.0,66.5,66.5,66.5253,68.5,209.0,140.5,142.5,140.5,142.5,PASS
high,MistDynamicFogFallback,23,60.0,65.5,65.5,65.527,67.5,207.5,140.0,142.0,140.0,142.0,PASS
high,MistDynamicFogFallback,24,60.0,66.0,66.0,66.0386,68.0,208.0,140.0,142.0,140.0,142.0,PASS
high,MistDynamicFogFallback,25,60.0,65.5,65.5,65.5254,67.5,210.5,143.0,145.0,143.0,145.0,PASS
high,MistDynamicFogFallback,26,60.0,66.0,66.0,66.0381,68.0,214.5,146.5,148.5,146.5,148.5,PASS
high,MistDynamicFogFallback,27,60.0,66.0,66.0,66.0268,68.0,206.5,138.5,140.5,138.5,140.5,PASS
high,MistDynamicFogFallback,28,60.0,66.0,66.0,66.0285,68.0,208.0,140.0,142.0,140.0,142.0,PASS
high,MistDynamicFogFallback,29,60.0,66.0,66.0,66.0289,68.0,208.0,140.0,142.0,140.0,142.0,PASS
high,MistDynamicFogFallback,3,60.0,65.5,65.5,65.5219,67.5,207.5,140.0,142.0,140.0,142.0,PASS
high,MistDynamicFogFallback,30,60.0,66.0,66.0,66.0367,68.0,213.0,145.0,147.0,145.0,147.0,PASS
high,MistDynamicFogFallback,4,60.0,65.5,65.5,65.5334,67.5,207.5,140.0,142.0,140.0,142.0,PASS
high,MistDynamicFogFallback,5,60.0,66.0,66.0,66.0337,67.5,215.5,148.0,149.5,148.0,149.5,PASS
high,MistDynamicFogFallback,6,60.0,66.0,66.0,66.0375,68.0,208.0,140.0,142.0,140.0,142.0,PASS
high,MistDynamicFogFallback,7,60.0,66.0,66.0,66.0289,68.0,208.0,140.0,142.0,140.0,142.0,PASS
high,MistDynamicFogFallback,8,60.0,65.5,65.5,65.5394,67.5,205.0,137.5,139.5,137.5,139.5,PASS
high,MistDynamicFogFallback,9,60.0,66.0,66.0,66.0374,68.0,213.5,145.5,147.5,145.5,147.5,PASS
low,MistDynamicFogFallback,1,60.0,66.0,66.0,66.0516,67.5,207.5,140.0,141.5,140.0,141.5,PASS
low,MistDynamicFogFallback,10,60.0,65.5,65.5,65.5576,67.0,207.0,140.0,141.5,140.0,141.5,PASS
low,MistDynamicFogFallback,11,60.0,66.0,66.0,66.0315,67.5,208.0,140.5,142.0,140.5,142.0,PASS
low,MistDynamicFogFallback,12,60.0,65.5,65.5,,,,,,,,NOT_APPLICABLE_NETWORK_PARTITION
low,MistDynamicFogFallback,13,60.0,66.0,66.0,66.051,67.5,209.5,142.0,143.5,142.0,143.5,PASS
low,MistDynamicFogFallback,14,60.0,66.0,66.0,66.0423,67.5,207.5,140.0,141.5,140.0,141.5,PASS
low,MistDynamicFogFallback,15,60.0,66.0,66.0,66.0434,67.0,207.0,140.0,141.0,140.0,141.0,PASS
low,MistDynamicFogFallback,16,60.0,66.0,66.0,66.054,67.5,207.5,140.0,141.5,140.0,141.5,PASS
low,MistDynamicFogFallback,17,60.0,66.0,66.0,66.0416,67.5,207.5,140.0,141.5,140.0,141.5,PASS
low,MistDynamicFogFallback,18,60.0,65.5,65.5,,,,,,,,NOT_APPLICABLE_NETWORK_PARTITION
low,MistDynamicFogFallback,19,60.0,66.0,66.0,66.0342,67.5,207.5,140.0,141.5,140.0,141.5,PASS
low,MistDynamicFogFallback,2,60.0,66.0,66.0,66.0476,67.5,207.5,140.0,141.5,140.0,141.5,PASS
low,MistDynamicFogFallback,20,60.0,65.5,65.5,65.5383,67.0,207.0,140.0,141.5,140.0,141.5,PASS
low,MistDynamicFogFallback,21,60.0,66.0,66.0,66.0556,67.5,209.5,142.0,143.5,142.0,143.5,PASS
low,MistDynamicFogFallback,22,60.0,66.0,66.0,66.0308,67.0,207.0,140.0,141.0,140.0,141.0,PASS
low,MistDynamicFogFallback,23,60.0,65.5,65.5,,,,,,,,NOT_APPLICABLE_NETWORK_PARTITION
low,MistDynamicFogFallback,24,60.0,66.0,66.0,66.0364,67.5,207.5,140.0,141.5,140.0,141.5,PASS
low,MistDynamicFogFallback,25,60.0,65.5,65.5,,,,,,,,NOT_APPLICABLE_NETWORK_PARTITION
low,MistDynamicFogFallback,26,60.0,65.5,65.5,65.5603,67.0,207.0,140.0,141.5,140.0,141.5,PASS
low,MistDynamicFogFallback,27,60.0,67.5,67.5,67.5326,69.0,209.5,140.5,142.0,140.5,142.0,PASS
low,MistDynamicFogFallback,28,60.0,66.0,66.0,,,,,,,,NOT_APPLICABLE_NETWORK_PARTITION
low,MistDynamicFogFallback,29,60.0,66.0,66.0,66.0493,67.5,207.5,140.0,141.5,140.0,141.5,PASS
low,MistDynamicFogFallback,3,60.0,66.0,66.0,66.0498,67.5,207.5,140.0,141.5,140.0,141.5,PASS
low,MistDynamicFogFallback,30,60.0,66.0,66.0,66.043,67.5,207.5,140.0,141.5,140.0,141.5,PASS
low,MistDynamicFogFallback,4,60.0,66.0,66.0,66.0533,67.5,207.5,140.0,141.5,140.0,141.5,PASS
low,MistDynamicFogFallback,5,60.0,65.5,65.5,65.5294,66.5,206.5,140.0,141.0,140.0,141.0,PASS
low,MistDynamicFogFallback,6,60.0,66.0,66.0,,,,,,,,NOT_APPLICABLE_NETWORK_PARTITION
low,MistDynamicFogFallback,7,60.0,66.0,66.0,66.0335,67.5,207.5,140.0,141.5,140.0,141.5,PASS
low,MistDynamicFogFallback,8,60.0,66.0,66.0,66.0566,67.5,208.0,140.5,142.0,140.5,142.0,PASS
low,MistDynamicFogFallback,9,60.0,66.0,66.0,66.041,67.5,207.5,140.0,141.5,140.0,141.5,PASS
medium,MistDynamicFogFallback,1,60.0,67.0,67.0,67.033,69.0,209.0,140.0,142.0,140.0,142.0,PASS
medium,MistDynamicFogFallback,10,60.0,65.5,65.5,65.5361,67.0,207.0,140.0,141.5,140.0,141.5,PASS
medium,MistDynamicFogFallback,11,60.0,66.0,66.0,66.032,68.0,208.0,140.0,142.0,140.0,142.0,PASS
medium,MistDynamicFogFallback,12,60.0,65.5,65.5,65.5278,67.0,207.0,140.0,141.5,140.0,141.5,PASS
medium,MistDynamicFogFallback,13,60.0,67.5,67.5,67.5338,69.5,209.5,140.0,142.0,140.0,142.0,PASS
medium,MistDynamicFogFallback,14,60.0,66.0,66.0,66.0447,68.0,208.0,140.0,142.0,140.0,142.0,PASS
medium,MistDynamicFogFallback,15,60.0,66.0,66.0,66.057,67.5,207.5,140.0,141.5,140.0,141.5,PASS
medium,MistDynamicFogFallback,16,60.0,65.5,65.5,65.5236,67.5,207.5,140.0,142.0,140.0,142.0,PASS
medium,MistDynamicFogFallback,17,60.0,68.0,68.0,68.0338,70.0,210.0,140.0,142.0,140.0,142.0,PASS
medium,MistDynamicFogFallback,18,60.0,66.0,66.0,66.0404,67.5,210.0,142.5,144.0,142.5,144.0,PASS
medium,MistDynamicFogFallback,19,60.0,66.0,66.0,66.0497,67.5,208.0,140.5,142.0,140.5,142.0,PASS
medium,MistDynamicFogFallback,2,60.0,67.5,67.5,67.5283,69.5,209.5,140.0,142.0,140.0,142.0,PASS
medium,MistDynamicFogFallback,20,60.0,65.5,65.5,65.5439,67.5,208.0,140.5,142.5,140.5,142.5,PASS
medium,MistDynamicFogFallback,21,60.0,66.0,66.0,66.0353,68.0,208.0,140.0,142.0,140.0,142.0,PASS
medium,MistDynamicFogFallback,22,60.0,65.5,65.5,65.5416,67.5,207.5,140.0,142.0,140.0,142.0,PASS
medium,MistDynamicFogFallback,23,60.0,66.0,66.0,66.0291,68.0,208.0,140.0,142.0,140.0,142.0,PASS
medium,MistDynamicFogFallback,24,60.0,66.0,66.0,66.0443,67.5,207.5,140.0,141.5,140.0,141.5,PASS
medium,MistDynamicFogFallback,25,60.0,65.5,65.5,,,,,,,,NOT_APPLICABLE_NETWORK_PARTITION
medium,MistDynamicFogFallback,26,60.0,66.0,66.0,66.039,68.0,208.0,140.0,142.0,140.0,142.0,PASS
medium,MistDynamicFogFallback,27,60.0,66.0,66.0,66.0283,67.5,208.0,140.5,142.0,140.5,142.0,PASS
medium,MistDynamicFogFallback,28,60.0,66.0,66.0,66.0445,68.0,208.0,140.0,142.0,140.0,142.0,PASS
medium,MistDynamicFogFallback,29,60.0,66.0,66.0,66.0283,68.0,208.0,140.0,142.0,140.0,142.0,PASS
medium,MistDynamicFogFallback,3,60.0,65.5,65.5,65.5313,67.0,207.0,140.0,141.5,140.0,141.5,PASS
medium,MistDynamicFogFallback,30,60.0,65.5,65.5,65.5247,67.5,207.5,140.0,142.0,140.0,142.0,PASS
medium,MistDynamicFogFallback,4,60.0,65.5,65.5,65.5388,67.5,207.5,140.0,142.0,140.0,142.0,PASS
medium,MistDynamicFogFallback,5,60.0,65.5,65.5,65.5301,67.0,204.5,137.5,139.0,137.5,139.0,PASS
medium,MistDynamicFogFallback,6,60.0,66.0,66.0,66.0484,67.5,207.5,140.0,141.5,140.0,141.5,PASS
medium,MistDynamicFogFallback,7,60.0,66.0,66.0,66.0399,68.0,208.0,140.0,142.0,140.0,142.0,PASS
medium,MistDynamicFogFallback,8,60.0,66.0,66.0,66.0318,67.5,208.0,140.5,142.0,140.5,142.0,PASS
medium,MistDynamicFogFallback,9,60.0,66.0,66.0,66.0571,68.0,208.0,140.0,142.0,140.0,142.0,PASS
