density,configuration,seed,raw_em_generation_s,raw_ev_arrival_s,calculated_response_s,stored_response_s,difference_s,status
high,FogCloudAStar,1,65.5,207.0,141.5,141.5,0.0,PASS
high,FogCloudAStar,10,65.5,207.0,141.5,141.5,0.0,PASS
high,FogCloudAStar,11,66.0,207.5,141.5,141.5,0.0,PASS
high,FogCloudAStar,12,65.5,207.0,141.5,141.5,0.0,PASS
high,FogCloudAStar,13,66.0,207.5,141.5,141.5,0.0,PASS
high,FogCloudAStar,14,66.0,207.5,141.5,141.5,0.0,PASS
high,FogCloudAStar,15,66.0,207.5,141.5,141.5,0.0,PASS
high,FogCloudAStar,16,66.0,207.5,141.5,141.5,0.0,PASS
high,FogCloudAStar,17,65.5,207.0,141.5,141.5,0.0,PASS
high,FogCloudAStar,18,66.0,207.5,141.5,141.5,0.0,PASS
high,FogCloudAStar,19,66.0,207.5,141.5,141.5,0.0,PASS
high,FogCloudAStar,2,65.5,208.5,143.0,143.0,0.0,PASS
high,FogCloudAStar,20,66.0,207.5,141.5,141.5,0.0,PASS
high,FogCloudAStar,21,66.0,207.5,141.5,141.5,0.0,PASS
high,FogCloudAStar,22,66.5,218.0,151.5,151.5,0.0,PASS
high,FogCloudAStar,23,65.5,207.0,141.5,141.5,0.0,PASS
high,FogCloudAStar,24,66.0,207.5,141.5,141.5,0.0,PASS
high,FogCloudAStar,25,65.5,207.0,141.5,141.5,0.0,PASS
high,FogCloudAStar,26,66.0,214.5,148.5,148.5,0.0,PASS
high,FogCloudAStar,27,66.0,207.5,141.5,141.5,0.0,PASS
high,FogCloudAStar,28,66.0,207.5,141.5,141.5,0.0,PASS
high,FogCloudAStar,29,66.0,207.5,141.5,141.5,0.0,PASS
high,FogCloudAStar,3,65.5,207.0,141.5,141.5,0.0,PASS
high,FogCloudAStar,30,66.0,213.0,147.0,147.0,0.0,PASS
high,FogCloudAStar,4,65.5,207.0,141.5,141.5,0.0,PASS
high,FogCloudAStar,5,66.0,207.5,141.5,141.5,0.0,PASS
high,FogCloudAStar,6,66.0,208.0,142.0,142.0,0.0,PASS
high,FogCloudAStar,7,66.0,207.5,141.5,141.5,0.0,PASS
high,FogCloudAStar,8,65.5,207.0,141.5,141.5,0.0,PASS
high,FogCloudAStar,9,66.0,213.5,147.5,147.5,0.0,PASS
low,FogCloudAStar,1,66.0,207.5,141.5,141.5,0.0,PASS
low,FogCloudAStar,10,65.5,207.0,141.5,141.5,0.0,PASS
low,FogCloudAStar,11,66.0,207.5,141.5,141.5,0.0,PASS
low,FogCloudAStar,12,65.5,,,,,NOT_APPLICABLE_NETWORK_PARTITION
low,FogCloudAStar,13,66.0,209.5,143.5,143.5,0.0,PASS
low,FogCloudAStar,14,66.0,207.5,141.5,141.5,0.0,PASS
low,FogCloudAStar,15,66.0,207.5,141.5,141.5,0.0,PASS
low,FogCloudAStar,16,66.0,207.5,141.5,141.5,0.0,PASS
low,FogCloudAStar,17,66.0,207.5,141.5,141.5,0.0,PASS
low,FogCloudAStar,18,65.5,,,,,NOT_APPLICABLE_NETWORK_PARTITION
low,FogCloudAStar,19,66.0,207.5,141.5,141.5,0.0,PASS
low,FogCloudAStar,2,66.0,207.5,141.5,141.5,0.0,PASS
low,FogCloudAStar,20,65.5,207.0,141.5,141.5,0.0,PASS
low,FogCloudAStar,21,66.0,209.5,143.5,143.5,0.0,PASS
low,FogCloudAStar,22,66.0,207.5,141.5,141.5,0.0,PASS
low,FogCloudAStar,23,65.5,,,,,NOT_APPLICABLE_NETWORK_PARTITION
low,FogCloudAStar,24,66.0,207.5,141.5,141.5,0.0,PASS
low,FogCloudAStar,25,65.5,,,,,NOT_APPLICABLE_NETWORK_PARTITION
low,FogCloudAStar,26,65.5,207.0,141.5,141.5,0.0,PASS
low,FogCloudAStar,27,67.5,209.0,141.5,141.5,0.0,PASS
low,FogCloudAStar,28,66.0,,,,,NOT_APPLICABLE_NETWORK_PARTITION
low,FogCloudAStar,29,66.0,207.5,141.5,141.5,0.0,PASS
low,FogCloudAStar,3,66.0,207.5,141.5,141.5,0.0,PASS
low,FogCloudAStar,30,66.0,207.5,141.5,141.5,0.0,PASS
low,FogCloudAStar,4,66.0,207.5,141.5,141.5,0.0,PASS
low,FogCloudAStar,5,65.5,207.0,141.5,141.5,0.0,PASS
low,FogCloudAStar,6,66.0,,,,,NOT_APPLICABLE_NETWORK_PARTITION
low,FogCloudAStar,7,66.0,207.5,141.5,141.5,0.0,PASS
low,FogCloudAStar,8,66.0,207.5,141.5,141.5,0.0,PASS
low,FogCloudAStar,9,66.0,207.5,141.5,141.5,0.0,PASS
medium,FogCloudAStar,1,67.0,208.5,141.5,141.5,0.0,PASS
medium,FogCloudAStar,10,65.5,207.0,141.5,141.5,0.0,PASS
medium,FogCloudAStar,11,66.0,207.5,141.5,141.5,0.0,PASS
medium,FogCloudAStar,12,65.5,207.0,141.5,141.5,0.0,PASS
medium,FogCloudAStar,13,67.5,209.0,141.5,141.5,0.0,PASS
medium,FogCloudAStar,14,66.0,207.5,141.5,141.5,0.0,PASS
medium,FogCloudAStar,15,66.0,207.5,141.5,141.5,0.0,PASS
medium,FogCloudAStar,16,65.5,207.0,141.5,141.5,0.0,PASS
medium,FogCloudAStar,17,68.0,209.5,141.5,141.5,0.0,PASS
medium,FogCloudAStar,18,66.0,207.5,141.5,141.5,0.0,PASS
medium,FogCloudAStar,19,66.0,208.0,142.0,142.0,0.0,PASS
medium,FogCloudAStar,2,67.5,209.0,141.5,141.5,0.0,PASS
medium,FogCloudAStar,20,65.5,207.0,141.5,141.5,0.0,PASS
medium,FogCloudAStar,21,66.0,207.5,141.5,141.5,0.0,PASS
medium,FogCloudAStar,22,65.5,207.0,141.5,141.5,0.0,PASS
medium,FogCloudAStar,23,66.0,207.5,141.5,141.5,0.0,PASS
medium,FogCloudAStar,24,66.0,207.5,141.5,141.5,0.0,PASS
medium,FogCloudAStar,25,65.5,,,,,NOT_APPLICABLE_NETWORK_PARTITION
medium,FogCloudAStar,26,66.0,207.5,141.5,141.5,0.0,PASS
medium,FogCloudAStar,27,66.0,207.5,141.5,141.5,0.0,PASS
medium,FogCloudAStar,28,66.0,207.5,141.5,141.5,0.0,PASS
medium,FogCloudAStar,29,66.0,207.5,141.5,141.5,0.0,PASS
medium,FogCloudAStar,3,65.5,207.0,141.5,141.5,0.0,PASS
medium,FogCloudAStar,30,65.5,207.0,141.5,141.5,0.0,PASS
medium,FogCloudAStar,4,65.5,207.0,141.5,141.5,0.0,PASS
medium,FogCloudAStar,5,65.5,207.0,141.5,141.5,0.0,PASS
medium,FogCloudAStar,6,66.0,207.5,141.5,141.5,0.0,PASS
medium,FogCloudAStar,7,66.0,207.5,141.5,141.5,0.0,PASS
medium,FogCloudAStar,8,66.0,207.5,141.5,141.5,0.0,PASS
medium,FogCloudAStar,9,66.0,207.5,141.5,141.5,0.0,PASS
high,MistAStar,1,65.5,207.5,142.0,142.0,0.0,PASS
high,MistAStar,10,65.5,207.0,141.5,141.5,0.0,PASS
high,MistAStar,11,66.0,208.0,142.0,142.0,0.0,PASS
high,MistAStar,12,65.5,207.5,142.0,142.0,0.0,PASS
high,MistAStar,13,66.0,208.0,142.0,142.0,0.0,PASS
high,MistAStar,14,66.0,208.0,142.0,142.0,0.0,PASS
high,MistAStar,15,66.0,207.5,141.5,141.5,0.0,PASS
high,MistAStar,16,66.0,208.0,142.0,142.0,0.0,PASS
high,MistAStar,17,65.5,207.0,141.5,141.5,0.0,PASS
high,MistAStar,18,66.0,207.5,141.5,141.5,0.0,PASS
high,MistAStar,19,66.0,208.0,142.0,142.0,0.0,PASS
high,MistAStar,2,65.5,208.5,143.0,143.0,0.0,PASS
high,MistAStar,20,66.0,207.5,141.5,141.5,0.0,PASS
high,MistAStar,21,66.0,208.0,142.0,142.0,0.0,PASS
high,MistAStar,22,66.5,218.0,151.5,151.5,0.0,PASS
high,MistAStar,23,65.5,207.5,142.0,142.0,0.0,PASS
high,MistAStar,24,66.0,207.5,141.5,141.5,0.0,PASS
high,MistAStar,25,65.5,207.5,142.0,142.0,0.0,PASS
high,MistAStar,26,66.0,214.5,148.5,148.5,0.0,PASS
high,MistAStar,27,66.0,208.0,142.0,142.0,0.0,PASS
high,MistAStar,28,66.0,208.0,142.0,142.0,0.0,PASS
high,MistAStar,29,66.0,208.0,142.0,142.0,0.0,PASS
high,MistAStar,3,65.5,207.0,141.5,141.5,0.0,PASS
high,MistAStar,30,66.0,212.5,146.5,146.5,0.0,PASS
high,MistAStar,4,65.5,207.5,142.0,142.0,0.0,PASS
high,MistAStar,5,66.0,207.5,141.5,141.5,0.0,PASS
high,MistAStar,6,66.0,208.0,142.0,142.0,0.0,PASS
high,MistAStar,7,66.0,207.5,141.5,141.5,0.0,PASS
high,MistAStar,8,65.5,207.0,141.5,141.5,0.0,PASS
high,MistAStar,9,66.0,213.5,147.5,147.5,0.0,PASS
low,MistAStar,1,66.0,207.5,141.5,141.5,0.0,PASS
low,MistAStar,10,65.5,207.0,141.5,141.5,0.0,PASS
low,MistAStar,11,66.0,207.5,141.5,141.5,0.0,PASS
low,MistAStar,12,65.5,,,,,NOT_APPLICABLE_NETWORK_PARTITION
low,MistAStar,13,66.0,209.5,143.5,143.5,0.0,PASS
low,MistAStar,14,66.0,207.5,141.5,141.5,0.0,PASS
low,MistAStar,15,66.0,207.0,141.0,141.0,0.0,PASS
low,MistAStar,16,66.0,207.5,141.5,141.5,0.0,PASS
low,MistAStar,17,66.0,207.5,141.5,141.5,0.0,PASS
low,MistAStar,18,65.5,,,,,NOT_APPLICABLE_NETWORK_PARTITION
low,MistAStar,19,66.0,207.5,141.5,141.5,0.0,PASS
low,MistAStar,2,66.0,207.5,141.5,141.5,0.0,PASS
low,MistAStar,20,65.5,207.0,141.5,141.5,0.0,PASS
low,MistAStar,21,66.0,209.5,143.5,143.5,0.0,PASS
low,MistAStar,22,66.0,207.0,141.0,141.0,0.0,PASS
low,MistAStar,23,65.5,,,,,NOT_APPLICABLE_NETWORK_PARTITION
low,MistAStar,24,66.0,207.5,141.5,141.5,0.0,PASS
low,MistAStar,25,65.5,,,,,NOT_APPLICABLE_NETWORK_PARTITION
low,MistAStar,26,65.5,207.0,141.5,141.5,0.0,PASS
low,MistAStar,27,67.5,209.0,141.5,141.5,0.0,PASS
low,MistAStar,28,66.0,,,,,NOT_APPLICABLE_NETWORK_PARTITION
low,MistAStar,29,66.0,207.5,141.5,141.5,0.0,PASS
low,MistAStar,3,66.0,207.5,141.5,141.5,0.0,PASS
low,MistAStar,30,66.0,207.5,141.5,141.5,0.0,PASS
low,MistAStar,4,66.0,207.5,141.5,141.5,0.0,PASS
low,MistAStar,5,65.5,206.5,141.0,141.0,0.0,PASS
low,MistAStar,6,66.0,,,,,NOT_APPLICABLE_NETWORK_PARTITION
low,MistAStar,7,66.0,207.5,141.5,141.5,0.0,PASS
low,MistAStar,8,66.0,207.5,141.5,141.5,0.0,PASS
low,MistAStar,9,66.0,207.5,141.5,141.5,0.0,PASS
medium,MistAStar,1,67.0,209.0,142.0,142.0,0.0,PASS
medium,MistAStar,10,65.5,207.0,141.5,141.5,0.0,PASS
medium,MistAStar,11,66.0,208.0,142.0,142.0,0.0,PASS
medium,MistAStar,12,65.5,207.0,141.5,141.5,0.0,PASS
medium,MistAStar,13,67.5,209.0,141.5,141.5,0.0,PASS
medium,MistAStar,14,66.0,207.5,141.5,141.5,0.0,PASS
medium,MistAStar,15,66.0,207.5,141.5,141.5,0.0,PASS
medium,MistAStar,16,65.5,207.0,141.5,141.5,0.0,PASS
medium,MistAStar,17,68.0,209.5,141.5,141.5,0.0,PASS
medium,MistAStar,18,66.0,207.5,141.5,141.5,0.0,PASS
medium,MistAStar,19,66.0,208.0,142.0,142.0,0.0,PASS
medium,MistAStar,2,67.5,209.0,141.5,141.5,0.0,PASS
medium,MistAStar,20,65.5,207.0,141.5,141.5,0.0,PASS
medium,MistAStar,21,66.0,208.0,142.0,142.0,0.0,PASS
medium,MistAStar,22,65.5,207.5,142.0,142.0,0.0,PASS
medium,MistAStar,23,66.0,208.0,142.0,142.0,0.0,PASS
medium,MistAStar,24,66.0,207.5,141.5,141.5,0.0,PASS
medium,MistAStar,25,65.5,,,,,NOT_APPLICABLE_NETWORK_PARTITION
medium,MistAStar,26,66.0,208.0,142.0,142.0,0.0,PASS
medium,MistAStar,27,66.0,207.5,141.5,141.5,0.0,PASS
medium,MistAStar,28,66.0,207.5,141.5,141.5,0.0,PASS
medium,MistAStar,29,66.0,208.0,142.0,142.0,0.0,PASS
medium,MistAStar,3,65.5,207.0,141.5,141.5,0.0,PASS
medium,MistAStar,30,65.5,207.5,142.0,142.0,0.0,PASS
medium,MistAStar,4,65.5,207.0,141.5,141.5,0.0,PASS
medium,MistAStar,5,65.5,207.0,141.5,141.5,0.0,PASS
medium,MistAStar,6,66.0,207.5,141.5,141.5,0.0,PASS
medium,MistAStar,7,66.0,207.5,141.5,141.5,0.0,PASS
medium,MistAStar,8,66.0,207.5,141.5,141.5,0.0,PASS
medium,MistAStar,9,66.0,207.5,141.5,141.5,0.0,PASS
high,MistDynamicAStar,1,65.5,207.5,142.0,142.0,0.0,PASS
high,MistDynamicAStar,10,65.5,207.0,141.5,141.5,0.0,PASS
high,MistDynamicAStar,11,66.0,208.0,142.0,142.0,0.0,PASS
high,MistDynamicAStar,12,65.5,207.5,142.0,142.0,0.0,PASS
high,MistDynamicAStar,13,66.0,208.0,142.0,142.0,0.0,PASS
high,MistDynamicAStar,14,66.0,208.0,142.0,142.0,0.0,PASS
high,MistDynamicAStar,15,66.0,207.5,141.5,141.5,0.0,PASS
high,MistDynamicAStar,16,66.0,208.0,142.0,142.0,0.0,PASS
high,MistDynamicAStar,17,65.5,207.0,141.5,141.5,0.0,PASS
high,MistDynamicAStar,18,66.0,207.5,141.5,141.5,0.0,PASS
high,MistDynamicAStar,19,66.0,208.0,142.0,142.0,0.0,PASS
high,MistDynamicAStar,2,65.5,208.5,143.0,143.0,0.0,PASS
high,MistDynamicAStar,20,66.0,207.5,141.5,141.5,0.0,PASS
high,MistDynamicAStar,21,66.0,208.0,142.0,142.0,0.0,PASS
high,MistDynamicAStar,22,66.5,209.0,142.5,142.5,0.0,PASS
high,MistDynamicAStar,23,65.5,208.5,143.0,143.0,0.0,PASS
high,MistDynamicAStar,24,66.0,207.5,141.5,141.5,0.0,PASS
high,MistDynamicAStar,25,65.5,210.5,145.0,145.0,0.0,PASS
high,MistDynamicAStar,26,66.0,214.5,148.5,148.5,0.0,PASS
high,MistDynamicAStar,27,66.0,206.5,140.5,140.5,0.0,PASS
high,MistDynamicAStar,28,66.0,208.0,142.0,142.0,0.0,PASS
high,MistDynamicAStar,29,66.0,208.0,142.0,142.0,0.0,PASS
high,MistDynamicAStar,3,65.5,207.0,141.5,141.5,0.0,PASS
high,MistDynamicAStar,30,66.0,212.5,146.5,146.5,0.0,PASS
high,MistDynamicAStar,4,65.5,207.5,142.0,142.0,0.0,PASS
high,MistDynamicAStar,5,66.0,215.5,149.5,149.5,0.0,PASS
high,MistDynamicAStar,6,66.0,208.0,142.0,142.0,0.0,PASS
high,MistDynamicAStar,7,66.0,207.5,141.5,141.5,0.0,PASS
high,MistDynamicAStar,8,65.5,204.5,139.0,139.0,0.0,PASS
high,MistDynamicAStar,9,66.0,213.5,147.5,147.5,0.0,PASS
low,MistDynamicAStar,1,66.0,207.5,141.5,141.5,0.0,PASS
low,MistDynamicAStar,10,65.5,207.0,141.5,141.5,0.0,PASS
low,MistDynamicAStar,11,66.0,208.0,142.0,142.0,0.0,PASS
low,MistDynamicAStar,12,65.5,,,,,NOT_APPLICABLE_NETWORK_PARTITION
low,MistDynamicAStar,13,66.0,209.5,143.5,143.5,0.0,PASS
low,MistDynamicAStar,14,66.0,207.5,141.5,141.5,0.0,PASS
low,MistDynamicAStar,15,66.0,207.0,141.0,141.0,0.0,PASS
low,MistDynamicAStar,16,66.0,207.5,141.5,141.5,0.0,PASS
low,MistDynamicAStar,17,66.0,207.5,141.5,141.5,0.0,PASS
low,MistDynamicAStar,18,65.5,,,,,NOT_APPLICABLE_NETWORK_PARTITION
low,MistDynamicAStar,19,66.0,207.5,141.5,141.5,0.0,PASS
low,MistDynamicAStar,2,66.0,207.5,141.5,141.5,0.0,PASS
low,MistDynamicAStar,20,65.5,207.0,141.5,141.5,0.0,PASS
low,MistDynamicAStar,21,66.0,209.5,143.5,143.5,0.0,PASS
low,MistDynamicAStar,22,66.0,207.0,141.0,141.0,0.0,PASS
low,MistDynamicAStar,23,65.5,,,,,NOT_APPLICABLE_NETWORK_PARTITION
low,MistDynamicAStar,24,66.0,207.5,141.5,141.5,0.0,PASS
low,MistDynamicAStar,25,65.5,,,,,NOT_APPLICABLE_NETWORK_PARTITION
low,MistDynamicAStar,26,65.5,207.0,141.5,141.5,0.0,PASS
low,MistDynamicAStar,27,67.5,209.5,142.0,142.0,0.0,PASS
low,MistDynamicAStar,28,66.0,,,,,NOT_APPLICABLE_NETWORK_PARTITION
low,MistDynamicAStar,29,66.0,207.5,141.5,141.5,0.0,PASS
low,MistDynamicAStar,3,66.0,207.5,141.5,141.5,0.0,PASS
low,MistDynamicAStar,30,66.0,207.5,141.5,141.5,0.0,PASS
low,MistDynamicAStar,4,66.0,207.5,141.5,141.5,0.0,PASS
low,MistDynamicAStar,5,65.5,206.5,141.0,141.0,0.0,PASS
low,MistDynamicAStar,6,66.0,,,,,NOT_APPLICABLE_NETWORK_PARTITION
low,MistDynamicAStar,7,66.0,207.5,141.5,141.5,0.0,PASS
low,MistDynamicAStar,8,66.0,208.0,142.0,142.0,0.0,PASS
low,MistDynamicAStar,9,66.0,207.5,141.5,141.5,0.0,PASS
medium,MistDynamicAStar,1,67.0,209.0,142.0,142.0,0.0,PASS
medium,MistDynamicAStar,10,65.5,207.0,141.5,141.5,0.0,PASS
medium,MistDynamicAStar,11,66.0,208.0,142.0,142.0,0.0,PASS
medium,MistDynamicAStar,12,65.5,207.0,141.5,141.5,0.0,PASS
medium,MistDynamicAStar,13,67.5,209.0,141.5,141.5,0.0,PASS
medium,MistDynamicAStar,14,66.0,207.5,141.5,141.5,0.0,PASS
medium,MistDynamicAStar,15,66.0,207.5,141.5,141.5,0.0,PASS
medium,MistDynamicAStar,16,65.5,207.0,141.5,141.5,0.0,PASS
medium,MistDynamicAStar,17,68.0,209.5,141.5,141.5,0.0,PASS
medium,MistDynamicAStar,18,66.0,210.0,144.0,144.0,0.0,PASS
medium,MistDynamicAStar,19,66.0,208.0,142.0,142.0,0.0,PASS
medium,MistDynamicAStar,2,67.5,209.0,141.5,141.5,0.0,PASS
medium,MistDynamicAStar,20,65.5,207.5,142.0,142.0,0.0,PASS
medium,MistDynamicAStar,21,66.0,208.0,142.0,142.0,0.0,PASS
medium,MistDynamicAStar,22,65.5,207.5,142.0,142.0,0.0,PASS
medium,MistDynamicAStar,23,66.0,208.5,142.5,142.5,0.0,PASS
medium,MistDynamicAStar,24,66.0,207.5,141.5,141.5,0.0,PASS
medium,MistDynamicAStar,25,65.5,,,,,NOT_APPLICABLE_NETWORK_PARTITION
medium,MistDynamicAStar,26,66.0,208.0,142.0,142.0,0.0,PASS
medium,MistDynamicAStar,27,66.0,208.0,142.0,142.0,0.0,PASS
medium,MistDynamicAStar,28,66.0,207.5,141.5,141.5,0.0,PASS
medium,MistDynamicAStar,29,66.0,208.0,142.0,142.0,0.0,PASS
medium,MistDynamicAStar,3,65.5,207.0,141.5,141.5,0.0,PASS
medium,MistDynamicAStar,30,65.5,207.5,142.0,142.0,0.0,PASS
medium,MistDynamicAStar,4,65.5,207.0,141.5,141.5,0.0,PASS
medium,MistDynamicAStar,5,65.5,204.5,139.0,139.0,0.0,PASS
medium,MistDynamicAStar,6,66.0,207.5,141.5,141.5,0.0,PASS
medium,MistDynamicAStar,7,66.0,207.5,141.5,141.5,0.0,PASS
medium,MistDynamicAStar,8,66.0,208.0,142.0,142.0,0.0,PASS
medium,MistDynamicAStar,9,66.0,207.5,141.5,141.5,0.0,PASS
high,MistDynamicFogFallback,1,65.5,207.5,142.0,142.0,0.0,PASS
high,MistDynamicFogFallback,10,65.5,207.0,141.5,141.5,0.0,PASS
high,MistDynamicFogFallback,11,66.0,208.0,142.0,142.0,0.0,PASS
high,MistDynamicFogFallback,12,65.5,207.5,142.0,142.0,0.0,PASS
high,MistDynamicFogFallback,13,66.0,208.0,142.0,142.0,0.0,PASS
high,MistDynamicFogFallback,14,66.0,208.0,142.0,142.0,0.0,PASS
high,MistDynamicFogFallback,15,66.0,208.0,142.0,142.0,0.0,PASS
high,MistDynamicFogFallback,16,66.0,208.0,142.0,142.0,0.0,PASS
high,MistDynamicFogFallback,17,65.5,207.5,142.0,142.0,0.0,PASS
high,MistDynamicFogFallback,18,66.0,208.0,142.0,142.0,0.0,PASS
high,MistDynamicFogFallback,19,66.0,208.0,142.0,142.0,0.0,PASS
high,MistDynamicFogFallback,2,65.5,208.5,143.0,143.0,0.0,PASS
high,MistDynamicFogFallback,20,66.0,207.5,141.5,141.5,0.0,PASS
high,MistDynamicFogFallback,21,66.0,208.0,142.0,142.0,0.0,PASS
high,MistDynamicFogFallback,22,66.5,209.0,142.5,142.5,0.0,PASS
high,MistDynamicFogFallback,23,65.5,207.5,142.0,142.0,0.0,PASS
high,MistDynamicFogFallback,24,66.0,208.0,142.0,142.0,0.0,PASS
high,MistDynamicFogFallback,25,65.5,210.5,145.0,145.0,0.0,PASS
high,MistDynamicFogFallback,26,66.0,214.5,148.5,148.5,0.0,PASS
high,MistDynamicFogFallback,27,66.0,206.5,140.5,140.5,0.0,PASS
high,MistDynamicFogFallback,28,66.0,208.0,142.0,142.0,0.0,PASS
high,MistDynamicFogFallback,29,66.0,208.0,142.0,142.0,0.0,PASS
high,MistDynamicFogFallback,3,65.5,207.5,142.0,142.0,0.0,PASS
high,MistDynamicFogFallback,30,66.0,213.0,147.0,147.0,0.0,PASS
high,MistDynamicFogFallback,4,65.5,207.5,142.0,142.0,0.0,PASS
high,MistDynamicFogFallback,5,66.0,215.5,149.5,149.5,0.0,PASS
high,MistDynamicFogFallback,6,66.0,208.0,142.0,142.0,0.0,PASS
high,MistDynamicFogFallback,7,66.0,208.0,142.0,142.0,0.0,PASS
high,MistDynamicFogFallback,8,65.5,205.0,139.5,139.5,0.0,PASS
high,MistDynamicFogFallback,9,66.0,213.5,147.5,147.5,0.0,PASS
low,MistDynamicFogFallback,1,66.0,207.5,141.5,141.5,0.0,PASS
low,MistDynamicFogFallback,10,65.5,207.0,141.5,141.5,0.0,PASS
low,MistDynamicFogFallback,11,66.0,208.0,142.0,142.0,0.0,PASS
low,MistDynamicFogFallback,12,65.5,,,,,NOT_APPLICABLE_NETWORK_PARTITION
low,MistDynamicFogFallback,13,66.0,209.5,143.5,143.5,0.0,PASS
low,MistDynamicFogFallback,14,66.0,207.5,141.5,141.5,0.0,PASS
low,MistDynamicFogFallback,15,66.0,207.0,141.0,141.0,0.0,PASS
low,MistDynamicFogFallback,16,66.0,207.5,141.5,141.5,0.0,PASS
low,MistDynamicFogFallback,17,66.0,207.5,141.5,141.5,0.0,PASS
low,MistDynamicFogFallback,18,65.5,,,,,NOT_APPLICABLE_NETWORK_PARTITION
low,MistDynamicFogFallback,19,66.0,207.5,141.5,141.5,0.0,PASS
low,MistDynamicFogFallback,2,66.0,207.5,141.5,141.5,0.0,PASS
low,MistDynamicFogFallback,20,65.5,207.0,141.5,141.5,0.0,PASS
low,MistDynamicFogFallback,21,66.0,209.5,143.5,143.5,0.0,PASS
low,MistDynamicFogFallback,22,66.0,207.0,141.0,141.0,0.0,PASS
low,MistDynamicFogFallback,23,65.5,,,,,NOT_APPLICABLE_NETWORK_PARTITION
low,MistDynamicFogFallback,24,66.0,207.5,141.5,141.5,0.0,PASS
low,MistDynamicFogFallback,25,65.5,,,,,NOT_APPLICABLE_NETWORK_PARTITION
low,MistDynamicFogFallback,26,65.5,207.0,141.5,141.5,0.0,PASS
low,MistDynamicFogFallback,27,67.5,209.5,142.0,142.0,0.0,PASS
low,MistDynamicFogFallback,28,66.0,,,,,NOT_APPLICABLE_NETWORK_PARTITION
low,MistDynamicFogFallback,29,66.0,207.5,141.5,141.5,0.0,PASS
low,MistDynamicFogFallback,3,66.0,207.5,141.5,141.5,0.0,PASS
low,MistDynamicFogFallback,30,66.0,207.5,141.5,141.5,0.0,PASS
low,MistDynamicFogFallback,4,66.0,207.5,141.5,141.5,0.0,PASS
low,MistDynamicFogFallback,5,65.5,206.5,141.0,141.0,0.0,PASS
low,MistDynamicFogFallback,6,66.0,,,,,NOT_APPLICABLE_NETWORK_PARTITION
low,MistDynamicFogFallback,7,66.0,207.5,141.5,141.5,0.0,PASS
low,MistDynamicFogFallback,8,66.0,208.0,142.0,142.0,0.0,PASS
low,MistDynamicFogFallback,9,66.0,207.5,141.5,141.5,0.0,PASS
medium,MistDynamicFogFallback,1,67.0,209.0,142.0,142.0,0.0,PASS
medium,MistDynamicFogFallback,10,65.5,207.0,141.5,141.5,0.0,PASS
medium,MistDynamicFogFallback,11,66.0,208.0,142.0,142.0,0.0,PASS
medium,MistDynamicFogFallback,12,65.5,207.0,141.5,141.5,0.0,PASS
medium,MistDynamicFogFallback,13,67.5,209.5,142.0,142.0,0.0,PASS
medium,MistDynamicFogFallback,14,66.0,208.0,142.0,142.0,0.0,PASS
medium,MistDynamicFogFallback,15,66.0,207.5,141.5,141.5,0.0,PASS
medium,MistDynamicFogFallback,16,65.5,207.5,142.0,142.0,0.0,PASS
medium,MistDynamicFogFallback,17,68.0,210.0,142.0,142.0,0.0,PASS
medium,MistDynamicFogFallback,18,66.0,210.0,144.0,144.0,0.0,PASS
medium,MistDynamicFogFallback,19,66.0,208.0,142.0,142.0,0.0,PASS
medium,MistDynamicFogFallback,2,67.5,209.5,142.0,142.0,0.0,PASS
medium,MistDynamicFogFallback,20,65.5,208.0,142.5,142.5,0.0,PASS
medium,MistDynamicFogFallback,21,66.0,208.0,142.0,142.0,0.0,PASS
medium,MistDynamicFogFallback,22,65.5,207.5,142.0,142.0,0.0,PASS
medium,MistDynamicFogFallback,23,66.0,208.0,142.0,142.0,0.0,PASS
medium,MistDynamicFogFallback,24,66.0,207.5,141.5,141.5,0.0,PASS
medium,MistDynamicFogFallback,25,65.5,,,,,NOT_APPLICABLE_NETWORK_PARTITION
medium,MistDynamicFogFallback,26,66.0,208.0,142.0,142.0,0.0,PASS
medium,MistDynamicFogFallback,27,66.0,208.0,142.0,142.0,0.0,PASS
medium,MistDynamicFogFallback,28,66.0,208.0,142.0,142.0,0.0,PASS
medium,MistDynamicFogFallback,29,66.0,208.0,142.0,142.0,0.0,PASS
medium,MistDynamicFogFallback,3,65.5,207.0,141.5,141.5,0.0,PASS
medium,MistDynamicFogFallback,30,65.5,207.5,142.0,142.0,0.0,PASS
medium,MistDynamicFogFallback,4,65.5,207.5,142.0,142.0,0.0,PASS
medium,MistDynamicFogFallback,5,65.5,204.5,139.0,139.0,0.0,PASS
medium,MistDynamicFogFallback,6,66.0,207.5,141.5,141.5,0.0,PASS
medium,MistDynamicFogFallback,7,66.0,208.0,142.0,142.0,0.0,PASS
medium,MistDynamicFogFallback,8,66.0,208.0,142.0,142.0,0.0,PASS
medium,MistDynamicFogFallback,9,66.0,208.0,142.0,142.0,0.0,PASS
